s_code,s_city,e_code,e_city,coupon,new,vacation,SW,HI,s_income,e_income,s_pop,e_pop,slot,gate,distance,PAX,fare
*,Dallas/Fort Worth   TX,*,Amarillo            TX,1,3,No,Yes,5291.99,28637.00,21112.00,3036732,205711,Free,Free,312,7864,64.11
*,Atlanta             GA,*,Baltimore/Wash Intl MD,1.06,3,No,No,5419.16,26993.00,29838.00,3532657,7145897,Free,Free,576,8820,174.47
*,Boston              MA,*,Baltimore/Wash Intl MD,1.06,3,No,No,9185.28,30124.00,29838.00,5787293,7145897,Free,Free,364,6452,207.76
ORD,Chicago             IL,*,Baltimore/Wash Intl MD,1.06,3,No,Yes,2657.35,29260.00,29838.00,7830332,7145897,Controlled,Free,612,25144,85.47
MDW,Chicago             IL,*,Baltimore/Wash Intl MD,1.06,3,No,Yes,2657.35,29260.00,29838.00,7830332,7145897,Free,Free,612,25144,85.47
*,Cleveland           OH,*,Baltimore/Wash Intl MD,1.01,3,No,Yes,3408.11,26046.00,29838.00,2230955,7145897,Free,Free,309,13386,56.76
*,Dallas/Fort Worth   TX,*,Baltimore/Wash Intl MD,1.28,3,No,No,6754.48,28637.00,29838.00,3036732,7145897,Free,Free,1220,4625,228.00
*,Fort Lauderdale     FL,*,Baltimore/Wash Intl MD,1.15,3,Yes,Yes,5584,26752.00,29838.00,1440377,7145897,Free,Free,921,5512,116.54
*,Houston             TX,*,Baltimore/Wash Intl MD,1.33,3,No,Yes,4662.44,27211.00,29838.00,3770125,7145897,Free,Free,1249,7811,172.63
*,Kansas City         MO,*,Baltimore/Wash Intl MD,1.6,2,No,Yes,2617,25450.00,29838.00,1694803,7145897,Free,Free,964,4657,114.76
*,Las Vegas           NV,*,Baltimore/Wash Intl MD,1.57,3,Yes,Yes,1772.59,24575.00,29838.00,1197234,7145897,Free,Free,2104,4489,158.20
*,Los Angeles         CA,*,Baltimore/Wash Intl MD,1.5,1,No,Yes,3932.29,24706.00,29838.00,9056076,7145897,Free,Free,2329,7349,228.99
*,Nashville           TN,*,Baltimore/Wash Intl MD,1.12,3,No,Yes,4471.62,25995.00,29838.00,1115048,7145897,Free,Free,587,5654,79.17
*,New Orleans         LA,*,Baltimore/Wash Intl MD,1.29,3,No,Yes,4356.12,22038.00,29838.00,1308499,7145897,Free,Free,992,3525,132.05
JFK,New York/Newark     NY,*,Baltimore/Wash Intl MD,1,3,No,No,2626.9,32991.00,29838.00,8621121,7145897,Controlled,Free,181,7171,117.23
LGA,New York/Newark     NY,*,Baltimore/Wash Intl MD,1,3,No,No,2626.9,32991.00,29838.00,8621121,7145897,Controlled,Free,181,7171,117.23
EWR,New York/Newark     NY,*,Baltimore/Wash Intl MD,1,3,No,No,2626.9,32991.00,29838.00,8621121,7145897,Free,Constrained,181,7171,117.23
*,Orlando             FL,*,Baltimore/Wash Intl MD,1.13,3,Yes,Yes,5706.76,22360.00,29838.00,1421287,7145897,Free,Free,788,11013,106.11
*,Phoenix             AZ,*,Baltimore/Wash Intl MD,1.86,3,No,Yes,1230.48,23025.00,29838.00,2753373,7145897,Free,Free,2001,4408,181.16
*,Salt Lake City      UT,*,Baltimore/Wash Intl MD,1.93,3,No,Yes,2000.67,21121.00,29838.00,1228816,7145897,Free,Free,1866,2767,157.50
*,San Diego           CA,*,Baltimore/Wash Intl MD,1.87,3,No,Yes,1572.93,23903.00,29838.00,2673620,7145897,Free,Free,2290,3170,200.20
*,San Francisco       CA,*,Baltimore/Wash Intl MD,1.52,3,No,No,2967.59,38813.00,29838.00,1653017,7145897,Free,Free,2454,6417,246.85
*,St Louis            MO,*,Baltimore/Wash Intl MD,1.14,3,No,Yes,4191.24,25824.00,29838.00,2549844,7145897,Free,Free,729,10264,99.70
*,Tampa               FL,*,Baltimore/Wash Intl MD,1.13,3,Yes,Yes,5201.34,23654.00,29838.00,2195215,7145897,Free,Free,846,7082,106.77
ORD,Chicago             IL,*,Birmingham          AL,1.16,3,No,Yes,3627.46,29260.00,23858.00,7830332,895414,Controlled,Free,576,4138,113.50
MDW,Chicago             IL,*,Birmingham          AL,1.16,3,No,Yes,3627.46,29260.00,23858.00,7830332,895414,Free,Free,576,4138,113.50
*,Seattle/Tacoma      WA,*,Boise               ID,1.07,3,No,Yes,5255.24,30916.00,23901.00,2230831,372606,Free,Free,403,5995,69.12
*,Atlanta             GA,*,Boston              MA,1.25,3,No,No,5736.34,26993.00,30124.00,3532657,5787293,Free,Free,939,14005,210.00
JFK,New York/Newark     NY,*,Buffalo             NY,1.01,3,No,No,4040.09,32991.00,23184.00,8621121,1173217,Controlled,Free,291,12432,134.30
LGA,New York/Newark     NY,*,Buffalo             NY,1.01,3,No,No,4040.09,32991.00,23184.00,8621121,1173217,Controlled,Free,291,12432,134.30
EWR,New York/Newark     NY,*,Buffalo             NY,1.01,3,No,No,4040.09,32991.00,23184.00,8621121,1173217,Free,Constrained,291,12432,134.30
JFK,New York/Newark     NY,*,Charleston          SC,1.34,0,No,No,2587.89,32991.00,18851.00,8621121,254153,Controlled,Free,637,6003,118.95
LGA,New York/Newark     NY,*,Charleston          SC,1.34,3,No,No,2587.89,32991.00,18851.00,8621121,254153,Controlled,Free,637,6003,118.95
EWR,New York/Newark     NY,*,Charleston          SC,1.34,1,No,No,2587.89,32991.00,18851.00,8621121,254153,Free,Constrained,637,6003,118.95
*,Atlanta             GA,*,Charlotte           NC,1.01,3,No,No,4435.92,26993.00,25237.00,3532657,1318892,Free,Constrained,227,7335,97.96
*,Boston              MA,*,Charlotte           NC,1.25,3,No,No,8589.17,30124.00,25237.00,5787293,1318892,Free,Constrained,722,3263,237.80
ORD,Chicago             IL,*,Charlotte           NC,1.16,3,No,No,4523.31,29260.00,25237.00,7830332,1318892,Controlled,Constrained,589,5153,234.15
MDW,Chicago             IL,*,Charlotte           NC,1.16,3,No,No,4523.31,29260.00,25237.00,7830332,1318892,Free,Constrained,589,5153,234.15
*,Dallas/Fort Worth   TX,*,Charlotte           NC,1.14,3,No,No,4439.86,28637.00,25237.00,3036732,1318892,Free,Constrained,940,4493,203.17
JFK,New York/Newark     NY,*,Charlotte           NC,1.12,3,No,No,8714.03,32991.00,25237.00,8621121,1318892,Controlled,Constrained,539,9305,250.73
LGA,New York/Newark     NY,*,Charlotte           NC,1.12,3,No,No,8714.03,32991.00,25237.00,8621121,1318892,Controlled,Constrained,539,9305,250.73
EWR,New York/Newark     NY,*,Charlotte           NC,1.12,3,No,No,8714.03,32991.00,25237.00,8621121,1318892,Free,Constrained,539,9305,250.73
*,Atlanta             GA,ORD,Chicago             IL,1.04,3,No,No,2712.37,26993.00,29260.00,3532657,7830332,Controlled,Free,595,30877,106.60
*,Atlanta             GA,MDW,Chicago             IL,1.04,3,No,No,2712.37,26993.00,29260.00,3532657,7830332,Free,Free,595,30877,106.60
*,Austin              TX,ORD,Chicago             IL,1.25,3,No,Yes,4417.16,23665.00,29260.00,1038660,7830332,Controlled,Free,974,4980,136.27
*,Austin              TX,MDW,Chicago             IL,1.25,3,No,Yes,4417.16,23665.00,29260.00,1038660,7830332,Free,Free,974,4980,136.27
*,Boston              MA,ORD,Chicago             IL,1.15,1,No,No,3977.23,30124.00,29260.00,5787293,7830332,Controlled,Free,854,20718,230.87
*,Boston              MA,MDW,Chicago             IL,1.15,3,No,No,3977.23,30124.00,29260.00,5787293,7830332,Free,Free,854,20718,230.87
*,Cincinnati          OH,ORD,Chicago             IL,1.01,3,No,No,3910.81,25059.00,29260.00,1595139,7830332,Controlled,Constrained,254,7069,180.56
*,Cincinnati          OH,MDW,Chicago             IL,1.01,0,No,No,3910.81,25059.00,29260.00,1595139,7830332,Free,Constrained,254,7069,180.56
*,Atlanta             GA,*,Cincinnati          OH,1.16,3,No,No,9350.13,26993.00,25059.00,3532657,1595139,Free,Constrained,371,3892,215.83
*,Atlanta             GA,*,Cleveland           OH,1.12,3,No,No,4478.87,26993.00,26046.00,3532657,2915745,Free,Free,561,4821,197.10
ORD,Chicago             IL,*,Cleveland           OH,1.01,3,No,Yes,2800.91,29260.00,26046.00,7830332,2915745,Controlled,Free,316,24405,69.10
MDW,Chicago             IL,*,Cleveland           OH,1.01,1,No,Yes,2800.91,29260.00,26046.00,7830332,2915745,Free,Free,316,24405,69.10
*,Dallas/Fort Worth   TX,*,Colorado Springs    CO,1.06,3,No,No,5110.54,28637.00,22263.00,3036732,472254,Free,Free,592,6098,91.83
*,Houston             TX,*,Colorado Springs    CO,1.19,3,No,No,4037.09,27211.00,22263.00,3770125,472254,Free,Free,817,4281,111.66
*,Las Vegas           NV,*,Colorado Springs    CO,1.16,3,Yes,No,3465.14,24575.00,22263.00,1197234,472254,Free,Free,602,8810,57.62
*,Los Angeles         CA,*,Colorado Springs    CO,1.36,3,No,No,4384.63,24706.00,22263.00,9056076,472254,Free,Free,833,5762,104.72
JFK,New York/Newark     NY,*,Colorado Springs    CO,1.36,3,No,No,2421.04,32991.00,22263.00,8621121,472254,Controlled,Free,1636,5185,154.74
LGA,New York/Newark     NY,*,Colorado Springs    CO,1.36,3,No,No,2421.04,32991.00,22263.00,8621121,472254,Controlled,Free,1636,5185,154.74
EWR,New York/Newark     NY,*,Colorado Springs    CO,1.36,3,No,No,2421.04,32991.00,22263.00,8621121,472254,Free,Constrained,1636,5185,154.74
*,Phoenix             AZ,*,Colorado Springs    CO,1.09,3,No,No,4351.31,23025.00,22263.00,2753373,472254,Free,Free,550,7599,77.98
IAD,Washington          DC,*,Colorado Springs    CO,1.68,3,No,No,2661.53,31981.00,22263.00,4549784,472254,Free,Free,1476,4945,157.20
DCA,Washington          DC,*,Colorado Springs    CO,1.68,3,No,No,2661.53,31981.00,22263.00,4549784,472254,Controlled,Free,1476,4945,157.20
*,Atlanta             GA,*,Columbus            OH,1.13,3,No,No,5356.51,26993.00,24502.00,3532657,1442203,Free,Free,445,6075,113.20
*,Boston              MA,*,Columbus            OH,1.22,3,No,No,3789.64,30124.00,24502.00,5787293,1442203,Free,Free,633,4758,143.59
ORD,Chicago             IL,*,Columbus            OH,1.01,3,No,Yes,2668.2,29260.00,24502.00,7830332,1442203,Controlled,Free,286,14516,75.07
MDW,Chicago             IL,*,Columbus            OH,1.01,0,No,Yes,2668.2,29260.00,24502.00,7830332,1442203,Free,Free,286,14516,75.07
*,Albuquerque         NM,*,Dallas/Fort Worth   TX,1.02,3,No,Yes,5222.3,22089.00,28637.00,668159,3036732,Free,Free,573,10941,84.46
*,Atlanta             GA,*,Dallas/Fort Worth   TX,1.05,3,No,No,4624.9,26993.00,28637.00,3532657,3036732,Free,Free,734,23075,113.99
*,Austin              TX,*,Dallas/Fort Worth   TX,1,3,No,Yes,5502.33,23665.00,28637.00,1038660,3036732,Free,Free,184,18843,67.17
*,Boston              MA,*,Dallas/Fort Worth   TX,1.19,3,No,No,5605.06,30124.00,28637.00,5787293,3036732,Free,Free,1559,8756,320.37
ORD,Chicago             IL,*,Dallas/Fort Worth   TX,1.14,3,No,No,6205.97,29260.00,28637.00,7830332,3036732,Controlled,Free,805,20264,244.50
MDW,Chicago             IL,*,Dallas/Fort Worth   TX,1.14,3,No,No,6205.97,29260.00,28637.00,7830332,3036732,Free,Free,805,20264,244.50
*,Corpus Christi      TX,*,Dallas/Fort Worth   TX,1.02,3,No,Yes,4386.55,18933.00,28637.00,382155,3036732,Free,Free,354,5391,78.62
*,Atlanta             GA,*,Denver              CO,1.23,3,No,No,4202.66,26993.00,29055.00,3532657,1862106,Free,Free,1200,7621,210.90
*,Boston              MA,*,Denver              CO,1.35,3,No,No,6140.91,30124.00,29055.00,5787293,1862106,Free,Free,1755,5820,311.46
ORD,Chicago             IL,*,Denver              CO,1.08,3,No,No,5792.28,29260.00,29055.00,7830332,1862106,Controlled,Free,902,16263,174.06
MDW,Chicago             IL,*,Denver              CO,1.08,3,No,No,5792.28,29260.00,29055.00,7830332,1862106,Free,Free,902,16263,174.06
*,Dallas/Fort Worth   TX,*,Denver              CO,1.06,3,No,No,4157.61,28637.00,29055.00,3036732,1862106,Free,Free,638,11298,155.81
*,Atlanta             GA,*,Detroit             MI,1.05,3,No,No,4312.95,26993.00,26506.00,3532657,4459144,Free,Constrained,600,12752,106.56
*,Boston              MA,*,Detroit             MI,1.06,3,No,No,8162.77,30124.00,26506.00,5787293,4459144,Free,Constrained,616,10358,110.42
ORD,Chicago             IL,*,Detroit             MI,1,3,No,Yes,3059.78,29260.00,26506.00,7830332,4459144,Controlled,Constrained,237,34113,74.28
MDW,Chicago             IL,*,Detroit             MI,1,3,No,Yes,3059.78,29260.00,26506.00,7830332,4459144,Free,Constrained,237,34113,74.28
*,Dallas/Fort Worth   TX,*,Detroit             MI,1.22,3,No,No,4033.32,28637.00,26506.00,3036732,4459144,Free,Constrained,1001,6401,245.28
*,Denver              CO,*,Detroit             MI,1.21,3,No,No,4213.71,29055.00,26506.00,1862106,4459144,Free,Constrained,1139,3851,256.48
*,Dallas/Fort Worth   TX,*,El Paso             TX,1.02,3,No,Yes,5063.07,28637.00,14600.00,3036732,677757,Free,Free,548,10989,84.23
*,Atlanta             GA,*,Fort Lauderdale     FL,1.02,3,Yes,No,7032.27,26993.00,26752.00,3532657,1440377,Free,Free,578,11425,105.10
*,Boston              MA,*,Fort Lauderdale     FL,1.27,3,Yes,No,2682.54,30124.00,26752.00,5787293,1440377,Free,Free,1229,10483,121.09
ORD,Chicago             IL,*,Fort Lauderdale     FL,1.15,3,Yes,Yes,2482.76,29260.00,26752.00,7830332,1440377,Controlled,Free,1168,10117,153.95
MDW,Chicago             IL,*,Fort Lauderdale     FL,1.15,3,Yes,Yes,2482.76,29260.00,26752.00,7830332,1440377,Free,Free,1168,10117,153.95
*,Dallas/Fort Worth   TX,*,Fort Lauderdale     FL,1.16,3,Yes,No,4677.03,28637.00,26752.00,3036732,1440377,Free,Free,1118,3402,207.84
*,Detroit             MI,*,Fort Lauderdale     FL,1.17,3,Yes,No,4681.68,26506.00,26752.00,4459144,1440377,Free,Constrained,1128,6103,113.39
*,Boston              MA,*,Fort Meyers         FL,1.47,3,Yes,No,2565.52,30124.00,26752.00,5787293,379566,Free,Free,1245,6390,126.62
ORD,Chicago             IL,*,Fort Meyers         FL,1.2,3,Yes,No,3247.31,29260.00,26752.00,7830332,379566,Controlled,Free,1108,7196,136.68
MDW,Chicago             IL,*,Fort Meyers         FL,1.2,3,Yes,No,3247.31,29260.00,26752.00,7830332,379566,Free,Free,1108,7196,136.68
*,Detroit             MI,*,Fort Meyers         FL,1.13,3,Yes,No,4516.9,26506.00,26752.00,4459144,379566,Free,Constrained,1088,7049,108.15
JFK,New York/Newark     NY,*,Greensboro/High Pt  NC,1.07,3,No,No,4840.48,32991.00,24348.00,8621121,111745,Controlled,Free,457,7574,180.85
LGA,New York/Newark     NY,*,Greensboro/High Pt  NC,1.07,3,No,No,4840.48,32991.00,24348.00,8621121,111745,Controlled,Free,457,7574,180.85
EWR,New York/Newark     NY,*,Greensboro/High Pt  NC,1.07,3,No,No,4840.48,32991.00,24348.00,8621121,111745,Free,Constrained,457,7574,180.85
*,Atlanta             GA,*,Hartford            CT,1.34,3,No,No,5137.41,26993.00,30268.00,3532657,1106780,Free,Free,854,5806,175.81
ORD,Chicago             IL,*,Hartford            CT,1.13,3,No,No,4146.13,29260.00,30268.00,7830332,1106780,Controlled,Free,779,6614,240.88
MDW,Chicago             IL,*,Hartford            CT,1.13,3,No,No,4146.13,29260.00,30268.00,7830332,1106780,Free,Free,779,6614,240.88
*,Las Vegas           NV,*,Honolulu (Intl)     HI,1.56,3,Yes,No,3135.14,24575.00,26681.00,1197234,873131,Free,Free,2764,6462,183.19
*,Los Angeles         CA,*,Honolulu (Intl)     HI,1.03,3,Yes,No,1706.89,24706.00,26681.00,9056076,873131,Free,Free,2555,32824,167.16
*,San Francisco       CA,*,Honolulu (Intl)     HI,1.04,3,Yes,No,2447.14,38813.00,26681.00,1653017,873131,Free,Free,2401,19055,177.09
*,Seattle/Tacoma      WA,*,Honolulu (Intl)     HI,1.29,3,Yes,No,3333.11,30916.00,26681.00,2230831,873131,Free,Free,2679,6464,221.89
*,Atlanta             GA,*,Houston             TX,1.19,3,No,No,4468.8,26993.00,27211.00,3532657,3770125,Free,Free,701,7201,233.16
*,Austin              TX,*,Houston             TX,1,3,No,Yes,6269.39,23665.00,27211.00,1038660,3770125,Free,Free,138,9874,67.10
*,Boston              MA,*,Houston             TX,1.41,3,No,No,5497.26,30124.00,27211.00,5787293,3770125,Free,Free,1605,4272,349.97
ORD,Chicago             IL,*,Houston             TX,1.09,3,No,Yes,2572.42,29260.00,27211.00,7830332,3770125,Controlled,Free,939,16868,139.56
MDW,Chicago             IL,*,Houston             TX,1.09,3,No,Yes,2572.42,29260.00,27211.00,7830332,3770125,Free,Free,939,16868,139.56
*,Cleveland           OH,*,Houston             TX,1.31,3,No,Yes,6172.95,26046.00,27211.00,2230955,3770125,Free,Free,1117,4057,191.63
*,Corpus Christi      TX,*,Houston             TX,1,3,No,Yes,5826.14,18933.00,27211.00,382155,3770125,Free,Free,184,5312,65.31
*,Dallas/Fort Worth   TX,*,Houston             TX,1,3,No,Yes,4992.63,28637.00,27211.00,3036732,3770125,Free,Free,234,54429,67.78
*,Denver              CO,*,Houston             TX,1.14,3,No,No,4103.1,29055.00,27211.00,1862106,3770125,Free,Free,866,5860,204.68
*,Detroit             MI,*,Houston             TX,1.19,3,No,Yes,3649.8,26506.00,27211.00,4459144,3770125,Free,Constrained,1102,4660,177.22
*,Atlanta             GA,*,Indianapolis        IN,1.12,3,No,No,5180.13,26993.00,25475.00,3532657,1489247,Free,Free,430,5378,109.78
ORD,Chicago             IL,*,Indianapolis        IN,1,3,No,Yes,3702.18,29260.00,25475.00,7830332,1489247,Controlled,Free,167,9355,62.63
MDW,Chicago             IL,*,Indianapolis        IN,1,0,No,Yes,3702.18,29260.00,25475.00,7830332,1489247,Free,Free,167,9355,62.63
*,Detroit             MI,*,Indianapolis        IN,1.11,3,No,Yes,8437.67,26506.00,25475.00,4459144,1489247,Free,Constrained,241,4790,169.58
*,Fort Meyers         FL,*,Indianapolis        IN,1.21,3,Yes,No,6134.26,24510.00,25475.00,379566,1489247,Free,Free,943,3624,105.73
*,Las Vegas           NV,*,Indianapolis        IN,1.34,3,Yes,No,2883.65,24575.00,25475.00,1197234,1489247,Free,Free,1588,7406,114.13
*,Los Angeles         CA,*,Indianapolis        IN,1.52,3,No,No,1787.71,24706.00,25475.00,9056076,1489247,Free,Free,1815,5869,153.50
JFK,New York/Newark     NY,*,Indianapolis        IN,1.27,0,No,No,3543.34,32991.00,25475.00,8621121,1489247,Controlled,Free,657,7109,195.64
LGA,New York/Newark     NY,*,Indianapolis        IN,1.27,3,No,No,3543.34,32991.00,25475.00,8621121,1489247,Controlled,Free,657,7109,195.64
EWR,New York/Newark     NY,*,Indianapolis        IN,1.27,3,No,No,3543.34,32991.00,25475.00,8621121,1489247,Free,Constrained,657,7109,195.64
*,Orlando             FL,*,Indianapolis        IN,1.24,3,Yes,Yes,3009.48,22360.00,25475.00,1421287,1489247,Free,Free,828,7675,97.36
*,Phoenix             AZ,*,Indianapolis        IN,1.27,3,No,Yes,3446.75,23025.00,25475.00,2753373,1489247,Free,Free,1491,5100,138.08
*,San Francisco       CA,*,Indianapolis        IN,1.71,3,No,No,1892.37,38813.00,25475.00,1653017,1489247,Free,Free,1941,3814,157.45
*,Tampa               FL,*,Indianapolis        IN,1.28,3,Yes,Yes,3076.53,23654.00,25475.00,2195215,1489247,Free,Free,844,5160,99.43
*,Atlanta             GA,*,Jacksonville        FL,1,3,Yes,No,5963.75,26993.00,23614.00,3532657,1008768,Free,Free,280,8571,87.59
ORD,Chicago             IL,*,Jacksonville        FL,1.45,3,Yes,No,3198.81,29260.00,23614.00,7830332,1008768,Controlled,Free,865,3789,158.63
MDW,Chicago             IL,*,Jacksonville        FL,1.45,3,Yes,No,3198.81,29260.00,23614.00,7830332,1008768,Free,Free,865,3789,158.63
*,Fort Lauderdale     FL,*,Jacksonville        FL,1.01,3,Yes,No,3305.7,26752.00,23614.00,1440377,1008768,Free,Free,303,1859,114.93
*,Atlanta             GA,*,Kansas City         MO,1.11,0,No,No,6722.01,26993.00,25450.00,3532657,1694803,Free,Free,685,6426,116.18
ORD,Chicago             IL,*,Kansas City         MO,1.04,3,No,Yes,3296.05,29260.00,25450.00,7830332,1694803,Controlled,Free,407,20529,75.71
MDW,Chicago             IL,*,Kansas City         MO,1.04,0,No,Yes,3296.05,29260.00,25450.00,7830332,1694803,Free,Free,407,20529,75.71
*,Dallas/Fort Worth   TX,*,Kansas City         MO,1.2,3,No,No,7520.09,28637.00,25450.00,3036732,1694803,Free,Free,458,9381,116.57
*,Denver              CO,*,Kansas City         MO,1.02,3,No,No,5505.79,29055.00,25450.00,1862106,1694803,Free,Free,541,7679,110.25
*,Detroit             MI,*,Kansas City         MO,1.31,3,No,Yes,5569.75,26506.00,25450.00,4459144,1694803,Free,Constrained,639,4987,123.27
*,Houston             TX,*,Kansas City         MO,1.08,2,No,Yes,4343.85,27211.00,25450.00,3770125,1694803,Free,Free,652,4649,127.78
*,Las Vegas           NV,*,Kansas City         MO,1.39,0,Yes,Yes,2844.24,24575.00,25450.00,1197234,1694803,Free,Free,1140,8309,78.24
*,Los Angeles         CA,*,Kansas City         MO,1.31,2,No,Yes,1843.52,24706.00,25450.00,9056076,1694803,Free,Free,1365,7959,116.00
*,Albuquerque         NM,*,Las Vegas           NV,1.08,0,Yes,Yes,7641.73,22089.00,24575.00,668159,1197234,Free,Free,479,7170,72.43
*,Atlanta             GA,*,Las Vegas           NV,1.44,3,Yes,No,4112.44,26993.00,24575.00,3532657,1197234,Free,Free,1744,7881,143.62
*,Austin              TX,*,Las Vegas           NV,1.35,3,Yes,Yes,3757.25,23665.00,24575.00,1038660,1197234,Free,Free,1087,5738,80.31
*,Boston              MA,*,Las Vegas           NV,1.49,3,Yes,No,1833.95,30124.00,24575.00,5787293,1197234,Free,Free,2372,10235,133.35
*,Burbank             CA,*,Las Vegas           NV,1,3,Yes,Yes,9592.99,24706.00,24575.00,9056076,1197234,Free,Free,226,16845,52.92
ORD,Chicago             IL,*,Las Vegas           NV,1.15,3,Yes,Yes,2044.21,29260.00,24575.00,7830332,1197234,Controlled,Free,1519,23739,123.74
MDW,Chicago             IL,*,Las Vegas           NV,1.15,3,Yes,Yes,2044.21,29260.00,24575.00,7830332,1197234,Free,Free,1519,23739,123.74
*,Cleveland           OH,*,Las Vegas           NV,1.36,0,Yes,Yes,4070.45,26046.00,24575.00,2230955,1197234,Free,Free,1831,4543,159.12
*,Columbus            OH,*,Las Vegas           NV,1.42,3,Yes,No,4956.58,24502.00,24575.00,125722,1197234,Free,Free,1769,7231,115.84
*,Dallas/Fort Worth   TX,*,Las Vegas           NV,1.16,3,Yes,No,4446.51,28637.00,24575.00,3036732,1197234,Free,Free,1052,6986,164.88
*,Denver              CO,*,Las Vegas           NV,1.13,3,Yes,No,3760.1,29055.00,24575.00,1862106,1197234,Free,Free,618,10206,89.47
*,Detroit             MI,*,Las Vegas           NV,1.19,3,Yes,No,5307.27,26506.00,24575.00,4459144,1197234,Free,Constrained,1756,6675,163.78
*,Houston             TX,*,Las Vegas           NV,1.18,3,Yes,Yes,3690.13,27211.00,24575.00,3770125,1197234,Free,Free,1222,9632,112.99
*,Los Angeles         CA,*,Las Vegas           NV,1,0,Yes,Yes,2522.01,24706.00,24575.00,9056076,1197234,Free,Free,238,51358,55.57
*,Los Angeles         CA,*,Las Vegas           NV,1,0,Yes,Yes,2522.01,24706.00,24575.00,9056076,1197234,Free,Free,238,51358,55.57
*,Dallas/Fort Worth   TX,*,Little Rock         AR,1,3,No,Yes,5293.05,28637.00,22726.00,3036732,547633,Free,Free,308,10451,59.77
*,Albuquerque         NM,*,Los Angeles         CA,1.09,3,No,Yes,4935.72,22089.00,24706.00,668159,9056076,Free,Free,673,11980,76.79
*,Atlanta             GA,*,Los Angeles         CA,1.38,3,No,No,5465.98,26993.00,24706.00,3532657,9056076,Free,Free,1946,13365,225.56
*,Boston              MA,*,Los Angeles         CA,1.35,3,No,No,2902.44,30124.00,24706.00,5787293,9056076,Free,Free,2605,14737,301.79
ORD,Chicago             IL,*,Los Angeles         CA,1.19,3,No,No,3413.42,29260.00,24706.00,7830332,9056076,Controlled,Free,1751,29771,233.78
MDW,Chicago             IL,*,Los Angeles         CA,1.19,3,No,No,3413.42,29260.00,24706.00,7830332,9056076,Free,Free,1751,29771,233.78
*,Cleveland           OH,*,Los Angeles         CA,1.56,3,No,No,3300.08,26046.00,24706.00,2230955,9056076,Free,Free,2062,4531,231.97
*,Columbus            OH,*,Los Angeles         CA,1.92,3,No,No,1550.16,24502.00,24706.00,125722,9056076,Free,Free,1996,3542,179.23
*,Dallas/Fort Worth   TX,*,Los Angeles         CA,1.2,3,No,No,5976.02,28637.00,24706.00,3036732,9056076,Free,Free,1234,9746,272.06
*,Denver              CO,*,Los Angeles         CA,1.1,3,No,No,6589.49,29055.00,24706.00,1862106,9056076,Free,Free,854,20889,129.80
*,Detroit             MI,*,Los Angeles         CA,1.52,3,No,No,4289.78,26506.00,24706.00,4459144,9056076,Free,Constrained,1988,6758,295.49
*,Fort Lauderdale     FL,*,Los Angeles         CA,1.27,3,Yes,No,3472.17,26752.00,24706.00,1440377,9056076,Free,Free,2341,4719,193.50
*,Houston             TX,*,Los Angeles         CA,1.27,3,No,Yes,3942.83,27211.00,24706.00,3770125,9056076,Free,Free,1379,11760,195.28
*,Atlanta             GA,*,Louisville          KY,1.04,3,No,No,5450.85,26993.00,24307.00,3532657,989164,Free,Free,320,4562,101.68
*,Baltimore/Wash Intl MD,*,Louisville          KY,1.13,3,No,Yes,4655.18,29838.00,24307.00,29838,989164,Free,Free,495,6218,60.26
ORD,Chicago             IL,*,Louisville          KY,1.02,3,No,Yes,4109.87,29260.00,24307.00,7830332,989164,Controlled,Free,276,8793,68.06
MDW,Chicago             IL,*,Louisville          KY,1.02,3,No,Yes,4109.87,29260.00,24307.00,7830332,989164,Free,Free,276,8793,68.06
*,Dallas/Fort Worth   TX,*,Lubbock             TX,1,3,No,Yes,6337.2,28637.00,20980.00,3036732,231325,Free,Free,283,9446,60.87
*,Atlanta             GA,*,Memphis             TN,1.01,3,No,No,4988.83,26993.00,24725.00,3532657,1074558,Free,Free,331,10255,70.62
*,Atlanta             GA,*,Miami               FL,1.01,1,Yes,No,4343.35,26993.00,21207.00,3532657,2105604,Free,Free,595,14119,97.93
*,Boston              MA,*,Miami               FL,1.24,3,Yes,No,4133.35,30124.00,21207.00,5787293,2105604,Free,Free,1259,7322,158.50
ORD,Chicago             IL,*,Miami               FL,1.15,3,Yes,No,3947.24,29260.00,21207.00,7830332,2105604,Controlled,Free,1187,10671,168.92
MDW,Chicago             IL,*,Miami               FL,1.15,0,Yes,No,3947.24,29260.00,21207.00,7830332,2105604,Free,Free,1187,10671,168.92
*,Dallas/Fort Worth   TX,*,Miami               FL,1.16,3,Yes,No,5772.86,28637.00,21207.00,3036732,2105604,Free,Free,1116,4613,185.11
*,Detroit             MI,*,Miami               FL,1.17,3,Yes,No,6140.53,26506.00,21207.00,4459144,2105604,Free,Constrained,1151,5064,133.98
*,Los Angeles         CA,*,Miami               FL,1.21,3,Yes,No,4567.2,24706.00,21207.00,9056076,2105604,Free,Free,2336,11193,207.83
*,Las Vegas           NV,*,Milwaukee           WI,1.42,3,Yes,No,2796.6,24575.00,26695.00,1197234,1646147,Free,Free,1521,2963,146.36
JFK,New York/Newark     NY,*,Milwaukee           WI,1.29,3,No,No,6108.57,32991.00,26695.00,8621121,1646147,Controlled,Free,736,6590,190.09
LGA,New York/Newark     NY,*,Milwaukee           WI,1.29,3,No,No,6108.57,32991.00,26695.00,8621121,1646147,Controlled,Free,736,6590,190.09
EWR,New York/Newark     NY,*,Milwaukee           WI,1.29,1,No,No,6108.57,32991.00,26695.00,8621121,1646147,Free,Constrained,736,6590,190.09
*,Orlando             FL,*,Milwaukee           WI,1.49,3,Yes,No,2985.42,22360.00,26695.00,1421287,1646147,Free,Free,1066,6935,104.87
*,Phoenix             AZ,*,Milwaukee           WI,1.36,3,No,No,3146.68,23025.00,26695.00,2753373,1646147,Free,Free,1461,4879,154.06
*,Atlanta             GA,*,Minneapolis/St Paul MN,1.17,3,No,No,4317.66,26993.00,28739.00,3532657,2761118,Free,Constrained,904,5578,269.43
*,Boston              MA,*,Minneapolis/St Paul MN,1.18,3,No,No,7702.88,30124.00,28739.00,5787293,2761118,Free,Constrained,1114,7276,258.85
ORD,Chicago             IL,*,Minneapolis/St Paul MN,1.01,3,No,No,3911.17,29260.00,28739.00,7830332,2761118,Controlled,Constrained,342,29137,156.93
MDW,Chicago             IL,*,Minneapolis/St Paul MN,1.01,3,No,No,3911.17,29260.00,28739.00,7830332,2761118,Free,Constrained,342,29137,156.93
*,Dallas/Fort Worth   TX,*,Minneapolis/St Paul MN,1.1,3,No,No,4540.3,28637.00,28739.00,3036732,2761118,Free,Constrained,857,6621,230.71
*,Denver              CO,*,Minneapolis/St Paul MN,1.02,3,No,No,4347.48,29055.00,28739.00,1862106,2761118,Free,Constrained,693,10147,133.50
*,Detroit             MI,*,Minneapolis/St Paul MN,1.14,3,No,No,9249.13,26506.00,28739.00,4459144,2761118,Free,Constrained,530,5389,286.54
*,Kansas City         MO,*,Minneapolis/St Paul MN,1.19,3,No,No,7958.31,25450.00,28739.00,1694803,2761118,Free,Constrained,401,3733,232.55
*,Las Vegas           NV,*,Minneapolis/St Paul MN,1.13,3,Yes,No,6172.12,24575.00,28739.00,1197234,2761118,Free,Constrained,1301,4353,171.67
*,Los Angeles         CA,*,Minneapolis/St Paul MN,1.24,3,No,No,6166.1,24706.00,28739.00,9056076,2761118,Free,Constrained,1539,7749,246.10
ORD,Chicago             IL,*,Nashville           TN,1.02,3,No,Yes,3463.96,29260.00,25995.00,7830332,1115048,Controlled,Free,401,10902,84.21
MDW,Chicago             IL,*,Nashville           TN,1.02,3,No,Yes,3463.96,29260.00,25995.00,7830332,1115048,Free,Free,401,10902,84.21
*,Dallas/Fort Worth   TX,*,Nashville           TN,1.1,3,No,No,7138.34,28637.00,25995.00,3036732,1115048,Free,Free,634,4632,181.99
*,Detroit             MI,*,Nashville           TN,1.16,2,No,Yes,7746.63,26506.00,25995.00,4459144,1115048,Free,Constrained,466,6143,166.25
*,Houston             TX,*,Nashville           TN,1.08,3,No,Yes,4722.17,27211.00,25995.00,3770125,1115048,Free,Free,671,5772,107.86
*,Los Angeles         CA,*,Nashville           TN,1.57,2,No,Yes,3106.38,24706.00,25995.00,9056076,1115048,Free,Free,1798,4462,181.02
JFK,New York/Newark     NY,*,Nashville           TN,1.26,3,No,No,3647.27,32991.00,25995.00,8621121,1115048,Controlled,Free,760,7387,215.01
LGA,New York/Newark     NY,*,Nashville           TN,1.26,3,No,No,3647.27,32991.00,25995.00,8621121,1115048,Controlled,Free,760,7387,215.01
EWR,New York/Newark     NY,*,Nashville           TN,1.26,3,No,No,3647.27,32991.00,25995.00,8621121,1115048,Free,Constrained,760,7387,215.01
*,Orlando             FL,*,Nashville           TN,1.17,1,Yes,Yes,2173.45,22360.00,25995.00,1421287,1115048,Free,Free,615,6224,87.80
*,Atlanta             GA,*,New Orleans         LA,1.02,3,No,No,6269.75,26993.00,22038.00,3532657,1308499,Free,Free,419,7796,120.70
ORD,Chicago             IL,*,New Orleans         LA,1.2,3,No,Yes,2621.01,29260.00,22038.00,7830332,1308499,Controlled,Free,829,8356,132.85
MDW,Chicago             IL,*,New Orleans         LA,1.2,3,No,Yes,2621.01,29260.00,22038.00,7830332,1308499,Free,Free,829,8356,132.85
*,Dallas/Fort Worth   TX,*,New Orleans         LA,1.05,3,No,Yes,4060.65,28637.00,22038.00,3036732,1308499,Free,Free,455,12717,84.53
*,Houston             TX,*,New Orleans         LA,1.01,3,No,Yes,5117.49,27211.00,22038.00,3770125,1308499,Free,Free,319,19894,76.81
*,Los Angeles         CA,*,New Orleans         LA,1.43,3,No,Yes,2605.05,24706.00,22038.00,9056076,1308499,Free,Free,1678,5559,202.00
*,Albuquerque         NM,JFK,New York/Newark     NY,1.92,3,No,No,1940.17,22089.00,32991.00,668159,8621121,Controlled,Free,1822,4002,208.79
*,Albuquerque         NM,LGA,New York/Newark     NY,1.92,3,No,No,1940.17,22089.00,32991.00,668159,8621121,Controlled,Free,1822,4002,208.79
*,Albuquerque         NM,EWR,New York/Newark     NY,1.92,3,No,No,1940.17,22089.00,32991.00,668159,8621121,Free,Constrained,1822,4002,208.79
*,Atlanta             GA,JFK,New York/Newark     NY,1.06,3,No,No,4593.38,26993.00,32991.00,3532657,8621121,Controlled,Free,756,48642,162.28
*,Atlanta             GA,LGA,New York/Newark     NY,1.06,3,No,No,4593.38,26993.00,32991.00,3532657,8621121,Controlled,Free,756,48642,162.28
*,Atlanta             GA,EWR,New York/Newark     NY,1.06,3,No,No,4593.38,26993.00,32991.00,3532657,8621121,Free,Constrained,756,48642,162.28
*,Austin              TX,JFK,New York/Newark     NY,1.69,3,No,No,3447.63,23665.00,32991.00,1038660,8621121,Controlled,Free,1515,3802,287.23
*,Austin              TX,LGA,New York/Newark     NY,1.69,3,No,No,3447.63,23665.00,32991.00,1038660,8621121,Controlled,Free,1515,3802,287.23
*,Austin              TX,EWR,New York/Newark     NY,1.69,3,No,No,3447.63,23665.00,32991.00,1038660,8621121,Free,Constrained,1515,3802,287.23
*,Boston              MA,JFK,New York/Newark     NY,1,3,No,No,2850.33,30124.00,32991.00,5787293,8621121,Controlled,Free,183,66820,116.78
*,Boston              MA,LGA,New York/Newark     NY,1,3,No,No,2850.33,30124.00,32991.00,5787293,8621121,Controlled,Free,183,66820,116.78
*,Boston              MA,EWR,New York/Newark     NY,1,3,No,No,2850.33,30124.00,32991.00,5787293,8621121,Free,Constrained,183,66820,116.78
ORD,Chicago             IL,JFK,New York/Newark     NY,1.05,3,No,No,3316.9,29260.00,32991.00,7830332,8621121,Controlled,Free,723,73892,159.71
ORD,Chicago             IL,LGA,New York/Newark     NY,1.05,3,No,No,3316.9,29260.00,32991.00,7830332,8621121,Controlled,Free,723,73892,159.71
ORD,Chicago             IL,EWR,New York/Newark     NY,1.05,3,No,No,3316.9,29260.00,32991.00,7830332,8621121,Controlled,Constrained,723,73892,159.71
MDW,Chicago             IL,JFK,New York/Newark     NY,1.05,3,No,No,3316.9,29260.00,32991.00,7830332,8621121,Controlled,Free,723,73892,159.71
MDW,Chicago             IL,LGA,New York/Newark     NY,1.05,3,No,No,3316.9,29260.00,32991.00,7830332,8621121,Controlled,Free,723,73892,159.71
MDW,Chicago             IL,EWR,New York/Newark     NY,1.05,3,No,No,3316.9,29260.00,32991.00,7830332,8621121,Free,Constrained,723,73892,159.71
*,Cincinnati          OH,JFK,New York/Newark     NY,1.1,3,No,No,6102.03,25059.00,32991.00,1595139,8621121,Controlled,Constrained,582,9567,205.00
*,Cincinnati          OH,LGA,New York/Newark     NY,1.1,3,No,No,6102.03,25059.00,32991.00,1595139,8621121,Controlled,Constrained,582,9567,205.00
*,Cincinnati          OH,EWR,New York/Newark     NY,1.1,3,No,No,6102.03,25059.00,32991.00,1595139,8621121,Free,Constrained,582,9567,205.00
*,Cleveland           OH,JFK,New York/Newark     NY,1.07,3,No,No,6798.94,26046.00,32991.00,2230955,8621121,Controlled,Free,408,13252,143.44
*,Cleveland           OH,LGA,New York/Newark     NY,1.07,3,No,No,6798.94,26046.00,32991.00,2230955,8621121,Controlled,Free,408,13252,143.44
*,Cleveland           OH,EWR,New York/Newark     NY,1.07,3,No,No,6798.94,26046.00,32991.00,2230955,8621121,Free,Constrained,408,13252,143.44
*,Columbus            OH,JFK,New York/Newark     NY,1.11,0,No,No,3046.45,24502.00,32991.00,125722,8621121,Controlled,Free,475,10168,174.87
*,Columbus            OH,LGA,New York/Newark     NY,1.11,3,No,No,3046.45,24502.00,32991.00,125722,8621121,Controlled,Free,475,10168,174.87
*,Columbus            OH,EWR,New York/Newark     NY,1.11,3,No,No,3046.45,24502.00,32991.00,125722,8621121,Free,Constrained,475,10168,174.87
*,Dallas/Fort Worth   TX,JFK,New York/Newark     NY,1.12,3,No,No,6583.72,28637.00,32991.00,3036732,8621121,Controlled,Free,1389,24082,304.18
*,Dallas/Fort Worth   TX,LGA,New York/Newark     NY,1.12,3,No,No,6583.72,28637.00,32991.00,3036732,8621121,Controlled,Free,1389,24082,304.18
*,Dallas/Fort Worth   TX,EWR,New York/Newark     NY,1.12,3,No,No,6583.72,28637.00,32991.00,3036732,8621121,Free,Constrained,1389,24082,304.18
*,Denver              CO,JFK,New York/Newark     NY,1.25,3,No,No,4809.1,29055.00,32991.00,1862106,8621121,Controlled,Free,1624,16240,270.36
*,Denver              CO,LGA,New York/Newark     NY,1.25,3,No,No,4809.1,29055.00,32991.00,1862106,8621121,Controlled,Free,1624,16240,270.36
*,Denver              CO,EWR,New York/Newark     NY,1.25,3,No,No,4809.1,29055.00,32991.00,1862106,8621121,Free,Constrained,1624,16240,270.36
*,Detroit             MI,JFK,New York/Newark     NY,1.06,3,No,No,5430.52,26506.00,32991.00,4459144,8621121,Controlled,Constrained,492,17775,209.35
*,Detroit             MI,LGA,New York/Newark     NY,1.06,3,No,No,5430.52,26506.00,32991.00,4459144,8621121,Controlled,Constrained,492,17775,209.35
*,Detroit             MI,EWR,New York/Newark     NY,1.06,3,No,No,5430.52,26506.00,32991.00,4459144,8621121,Free,Constrained,492,17775,209.35
*,Fort Lauderdale     FL,JFK,New York/Newark     NY,1.06,3,Yes,No,2828.16,26752.00,32991.00,1440377,8621121,Controlled,Free,1068,40159,123.18
*,Fort Lauderdale     FL,LGA,New York/Newark     NY,1.06,3,Yes,No,2828.16,26752.00,32991.00,1440377,8621121,Controlled,Free,1068,40159,123.18
*,Fort Lauderdale     FL,EWR,New York/Newark     NY,1.06,3,Yes,No,2828.16,26752.00,32991.00,1440377,8621121,Free,Constrained,1068,40159,123.18
*,Fort Meyers         FL,JFK,New York/Newark     NY,1.22,3,Yes,No,3536.16,24510.00,32991.00,379566,8621121,Controlled,Free,1076,9399,143.20
*,Fort Meyers         FL,LGA,New York/Newark     NY,1.22,3,Yes,No,3536.16,24510.00,32991.00,379566,8621121,Controlled,Free,1076,9399,143.20
*,Fort Meyers         FL,EWR,New York/Newark     NY,1.22,3,Yes,No,3536.16,24510.00,32991.00,379566,8621121,Free,Constrained,1076,9399,143.20
*,Greenville/Sprtnbg  SC,JFK,New York/Newark     NY,1.29,0,No,No,3152,21081.00,32991.00,895123,8621121,Controlled,Free,613,3806,144.60
*,Greenville/Sprtnbg  SC,LGA,New York/Newark     NY,1.29,3,No,No,3152,21081.00,32991.00,895123,8621121,Controlled,Free,613,3806,144.60
*,Greenville/Sprtnbg  SC,EWR,New York/Newark     NY,1.29,3,No,No,3152,21081.00,32991.00,895123,8621121,Free,Constrained,613,3806,144.60
*,Houston             TX,JFK,New York/Newark     NY,1.29,1,No,No,6438.27,27211.00,32991.00,3770125,8621121,Controlled,Free,1426,15711,349.53
*,Houston             TX,LGA,New York/Newark     NY,1.29,3,No,No,6438.27,27211.00,32991.00,3770125,8621121,Controlled,Free,1426,15711,349.53
*,Houston             TX,EWR,New York/Newark     NY,1.29,3,No,No,6438.27,27211.00,32991.00,3770125,8621121,Free,Constrained,1426,15711,349.53
*,Jacksonville        FL,JFK,New York/Newark     NY,1.34,3,Yes,No,3840.28,23614.00,32991.00,1008768,8621121,Controlled,Free,842,7098,183.43
*,Jacksonville        FL,LGA,New York/Newark     NY,1.34,3,Yes,No,3840.28,23614.00,32991.00,1008768,8621121,Controlled,Free,842,7098,183.43
*,Jacksonville        FL,EWR,New York/Newark     NY,1.34,3,Yes,No,3840.28,23614.00,32991.00,1008768,8621121,Free,Constrained,842,7098,183.43
*,Kansas City         MO,JFK,New York/Newark     NY,1.4,3,No,No,2617.87,25450.00,32991.00,1694803,8621121,Controlled,Free,1103,7543,223.99
*,Kansas City         MO,LGA,New York/Newark     NY,1.4,0,No,No,2617.87,25450.00,32991.00,1694803,8621121,Controlled,Free,1103,7543,223.99
*,Kansas City         MO,EWR,New York/Newark     NY,1.4,3,No,No,2617.87,25450.00,32991.00,1694803,8621121,Free,Constrained,1103,7543,223.99
*,Las Vegas           NV,JFK,New York/Newark     NY,1.36,3,Yes,No,2263.81,24575.00,32991.00,1197234,8621121,Controlled,Free,2237,26582,169.41
*,Las Vegas           NV,LGA,New York/Newark     NY,1.36,3,Yes,No,2263.81,24575.00,32991.00,1197234,8621121,Controlled,Free,2237,26582,169.41
*,Las Vegas           NV,EWR,New York/Newark     NY,1.36,3,Yes,No,2263.81,24575.00,32991.00,1197234,8621121,Free,Constrained,2237,26582,169.41
*,Los Angeles         CA,JFK,New York/Newark     NY,1.17,3,No,No,2517.74,24706.00,32991.00,9056076,8621121,Controlled,Free,2467,60435,326.47
*,Los Angeles         CA,LGA,New York/Newark     NY,1.17,3,No,No,2517.74,24706.00,32991.00,9056076,8621121,Controlled,Free,2467,60435,326.47
*,Los Angeles         CA,EWR,New York/Newark     NY,1.17,3,No,No,2517.74,24706.00,32991.00,9056076,8621121,Free,Constrained,2467,60435,326.47
*,Memphis             TN,JFK,New York/Newark     NY,1.29,3,No,No,6317.55,24725.00,32991.00,1074558,8621121,Controlled,Free,951,4614,234.31
*,Memphis             TN,LGA,New York/Newark     NY,1.29,3,No,No,6317.55,24725.00,32991.00,1074558,8621121,Controlled,Free,951,4614,234.31
*,Memphis             TN,EWR,New York/Newark     NY,1.29,3,No,No,6317.55,24725.00,32991.00,1074558,8621121,Free,Constrained,951,4614,234.31
*,Miami               FL,JFK,New York/Newark     NY,1.05,3,Yes,No,3042.09,21207.00,32991.00,2105604,8621121,Controlled,Free,1097,51122,124.92
*,Miami               FL,LGA,New York/Newark     NY,1.05,3,Yes,No,3042.09,21207.00,32991.00,2105604,8621121,Controlled,Free,1097,51122,124.92
*,Miami               FL,EWR,New York/Newark     NY,1.05,3,Yes,No,3042.09,21207.00,32991.00,2105604,8621121,Free,Constrained,1097,51122,124.92
*,Minneapolis/St Paul MN,JFK,New York/Newark     NY,1.15,3,No,No,6143.2,28739.00,32991.00,2761118,8621121,Controlled,Constrained,1015,13123,278.39
*,Minneapolis/St Paul MN,LGA,New York/Newark     NY,1.15,3,No,No,6143.2,28739.00,32991.00,2761118,8621121,Controlled,Constrained,1015,13123,278.39
*,Minneapolis/St Paul MN,EWR,New York/Newark     NY,1.15,3,No,No,6143.2,28739.00,32991.00,2761118,8621121,Free,Constrained,1015,13123,278.39
*,New Orleans         LA,JFK,New York/Newark     NY,1.42,3,No,No,2995.1,22038.00,32991.00,1308499,8621121,Controlled,Free,1173,10334,208.71
*,New Orleans         LA,LGA,New York/Newark     NY,1.42,3,No,No,2995.1,22038.00,32991.00,1308499,8621121,Controlled,Free,1173,10334,208.71
*,New Orleans         LA,EWR,New York/Newark     NY,1.42,3,No,No,2995.1,22038.00,32991.00,1308499,8621121,Free,Constrained,1173,10334,208.71
*,Norfolk/Va B/Pt/Ch  VA,JFK,New York/Newark     NY,1.02,0,No,No,3585.86,21125.00,32991.00,1536012,8621121,Controlled,Free,291,6295,150.13
*,Norfolk/Va B/Pt/Ch  VA,LGA,New York/Newark     NY,1.02,3,No,No,3585.86,21125.00,32991.00,1536012,8621121,Controlled,Free,291,6295,150.13
*,Norfolk/Va B/Pt/Ch  VA,EWR,New York/Newark     NY,1.02,3,No,No,3585.86,21125.00,32991.00,1536012,8621121,Free,Constrained,291,6295,150.13
*,Burbank             CA,*,Oakland             CA,1,3,No,Yes,8795.73,24706.00,29846.00,9056076,2237227,Free,Free,325,23041,56.43
*,Las Vegas           NV,*,Oakland             CA,1.05,0,Yes,Yes,9062.95,24575.00,29846.00,1197234,2237227,Free,Free,407,13356,58.03
*,Los Angeles         CA,*,Oakland             CA,1,3,No,Yes,5391.08,24706.00,29846.00,9056076,2237227,Free,Free,334,43884,53.80
*,Dallas/Fort Worth   TX,*,Oklahoma City       OK,1,1,No,Yes,5149.03,28637.00,20927.00,3036732,1021733,Free,Free,180,7646,66.14
*,Houston             TX,*,Oklahoma City       OK,1.09,3,No,Yes,4897.64,27211.00,20927.00,3770125,1021733,Free,Free,410,5425,96.18
ORD,Chicago             IL,*,Omaha               NE,1.02,3,No,Yes,5230.32,29260.00,25127.00,7830332,679984,Controlled,Free,428,8724,67.77
MDW,Chicago             IL,*,Omaha               NE,1.02,3,No,Yes,5230.32,29260.00,25127.00,7830332,679984,Free,Free,428,8724,67.77
*,Denver              CO,*,Omaha               NE,1,3,No,No,6131.6,29055.00,25127.00,1862106,679984,Free,Free,474,3734,139.81
*,Atlanta             GA,*,Orlando             FL,1.01,3,Yes,No,4581.03,26993.00,22360.00,3532657,1421287,Free,Free,404,18673,92.78
*,Boston              MA,*,Orlando             FL,1.24,3,Yes,No,3123.35,30124.00,22360.00,5787293,1421287,Free,Free,1119,23222,117.97
ORD,Chicago             IL,*,Orlando             FL,1.09,3,Yes,Yes,1853.53,29260.00,22360.00,7830332,1421287,Controlled,Free,995,26034,121.67
MDW,Chicago             IL,*,Orlando             FL,1.09,3,Yes,Yes,1853.53,29260.00,22360.00,7830332,1421287,Free,Free,995,26034,121.67
*,Cincinnati          OH,*,Orlando             FL,1.17,3,Yes,No,5313.07,25059.00,22360.00,1595139,1421287,Free,Constrained,756,5235,138.88
*,Cleveland           OH,*,Orlando             FL,1.34,3,Yes,No,4568.58,26046.00,22360.00,2230955,1421287,Free,Free,902,5696,140.90
*,Columbus            OH,*,Orlando             FL,1.5,0,Yes,Yes,2082.23,24502.00,22360.00,125722,1421287,Free,Free,802,6399,104.33
*,Dallas/Fort Worth   TX,*,Orlando             FL,1.08,3,Yes,No,3819.52,28637.00,22360.00,3036732,1421287,Free,Free,984,11392,153.58
*,Denver              CO,*,Orlando             FL,1.55,3,Yes,No,3651.91,29055.00,22360.00,1862106,1421287,Free,Free,1545,5820,201.43
*,Detroit             MI,*,Orlando             FL,1.16,3,Yes,No,5790.88,26506.00,22360.00,4459144,1421287,Free,Constrained,963,16414,102.95
*,Fort Lauderdale     FL,*,Orlando             FL,1,3,Yes,Yes,4144.01,26752.00,22360.00,1440377,1421287,Free,Free,174,9216,45.55
*,Hartford            CT,*,Orlando             FL,1.36,3,Yes,No,3217.37,30268.00,22360.00,1106780,1421287,Free,Free,1045,9823,114.50
*,Houston             TX,*,Orlando             FL,1.28,3,Yes,Yes,4843.94,27211.00,22360.00,3770125,1421287,Free,Free,856,5798,150.04
*,Kansas City         MO,*,Orlando             FL,1.68,0,Yes,Yes,1771.85,25450.00,22360.00,1694803,1421287,Free,Free,1064,5610,121.35
*,Las Vegas           NV,*,Orlando             FL,1.48,3,Yes,No,3285.29,24575.00,22360.00,1197234,1421287,Free,Free,2035,5829,117.59
*,Los Angeles         CA,*,Orlando             FL,1.4,3,Yes,No,4628.94,24706.00,22360.00,9056076,1421287,Free,Free,2216,8084,258.43
*,Miami               FL,*,Orlando             FL,1,0,Yes,No,5149.7,21207.00,22360.00,2105604,1421287,Free,Free,192,7967,96.53
*,Miami               FL,*,Orlando             FL,1,0,Yes,No,5149.7,21207.00,22360.00,2105604,1421287,Free,Free,192,7967,96.53
*,Minneapolis/St Paul MN,*,Orlando             FL,1.34,3,Yes,No,6037.84,28739.00,22360.00,2761118,1421287,Free,Constrained,1308,4978,204.62
*,New Orleans         LA,*,Orlando             FL,1.3,3,Yes,Yes,2424.61,22038.00,22360.00,1308499,1421287,Free,Free,541,5057,92.35
JFK,New York/Newark     NY,*,Orlando             FL,1.08,3,Yes,No,2386.85,32991.00,22360.00,8621121,1421287,Controlled,Free,947,54990,123.97
LGA,New York/Newark     NY,*,Orlando             FL,1.08,3,Yes,No,2386.85,32991.00,22360.00,8621121,1421287,Controlled,Free,947,54990,123.97
EWR,New York/Newark     NY,*,Orlando             FL,1.08,3,Yes,No,2386.85,32991.00,22360.00,8621121,1421287,Free,Constrained,947,54990,123.97
*,Atlanta             GA,*,Philadelphia/Camden PA,1.06,3,No,No,4248.47,26993.00,27994.00,3532657,4948339,Free,Free,674,16512,125.09
*,Boston              MA,*,Philadelphia/Camden PA,1.02,0,No,No,9649.01,30124.00,27994.00,5787293,4948339,Free,Free,265,17196,138.56
ORD,Chicago             IL,*,Philadelphia/Camden PA,1.08,3,No,No,3748.6,29260.00,27994.00,7830332,4948339,Controlled,Free,673,16559,215.06
MDW,Chicago             IL,*,Philadelphia/Camden PA,1.08,3,No,No,3748.6,29260.00,27994.00,7830332,4948339,Free,Free,673,16559,215.06
*,Dallas/Fort Worth   TX,*,Philadelphia/Camden PA,1.17,3,No,No,5921.73,28637.00,27994.00,3036732,4948339,Free,Free,1314,7630,249.45
*,Denver              CO,*,Philadelphia/Camden PA,1.35,3,No,No,5840.94,29055.00,27994.00,1862106,4948339,Free,Free,1568,3599,335.55
*,Detroit             MI,*,Philadelphia/Camden PA,1.05,3,No,No,4597.29,26506.00,27994.00,4459144,4948339,Free,Constrained,450,7899,175.66
*,Fort Lauderdale     FL,*,Philadelphia/Camden PA,1.21,3,Yes,No,7577.56,26752.00,27994.00,1440377,4948339,Free,Free,997,6541,132.77
*,Houston             TX,*,Philadelphia/Camden PA,1.36,3,No,No,5679.25,27211.00,27994.00,3770125,4948339,Free,Free,1347,4023,353.56
*,Las Vegas           NV,*,Philadelphia/Camden PA,1.36,3,Yes,No,2494.45,24575.00,27994.00,1197234,4948339,Free,Free,2179,6948,165.90
*,Los Angeles         CA,*,Philadelphia/Camden PA,1.37,3,No,No,3264.94,24706.00,27994.00,9056076,4948339,Free,Free,2407,8981,293.21
*,Miami               FL,*,Philadelphia/Camden PA,1.15,3,Yes,No,4191.14,21207.00,27994.00,2105604,4948339,Free,Free,1026,5725,152.67
*,Minneapolis/St Paul MN,*,Philadelphia/Camden PA,1.18,3,No,No,7362.53,28739.00,27994.00,2761118,4948339,Free,Constrained,979,4149,295.46
*,Orlando             FL,*,Philadelphia/Camden PA,1.14,3,Yes,No,5335.32,22360.00,27994.00,1421287,4948339,Free,Free,872,17853,114.28
*,Albuquerque         NM,*,Phoenix             AZ,1,3,No,Yes,6362.24,22089.00,23025.00,668159,2753373,Free,Free,327,13947,57.05
*,Atlanta             GA,*,Phoenix             AZ,1.25,3,No,No,4275.35,26993.00,23025.00,3532657,2753373,Free,Free,1591,5944,200.09
*,Austin              TX,*,Phoenix             AZ,1.1,3,No,Yes,4252.09,23665.00,23025.00,1038660,2753373,Free,Free,876,4511,105.41
*,Boston              MA,*,Phoenix             AZ,1.7,3,No,No,1710.9,30124.00,23025.00,5787293,2753373,Free,Free,2295,7130,197.42
*,Burbank             CA,*,Phoenix             AZ,1,3,No,Yes,5266.72,24706.00,23025.00,9056076,2753373,Free,Free,363,10529,57.33
ORD,Chicago             IL,*,Phoenix             AZ,1.11,3,No,Yes,2297.85,29260.00,23025.00,7830332,2753373,Controlled,Free,1446,23009,152.10
MDW,Chicago             IL,*,Phoenix             AZ,1.11,3,No,Yes,2297.85,29260.00,23025.00,7830332,2753373,Free,Free,1446,23009,152.10
*,Cleveland           OH,*,Phoenix             AZ,1.56,0,No,Yes,2659.94,26046.00,23025.00,2230955,2753373,Free,Free,1749,4272,166.66
*,Columbus            OH,*,Phoenix             AZ,1.56,3,No,Yes,3391.87,24502.00,23025.00,125722,2753373,Free,Free,1673,4780,158.00
*,Dallas/Fort Worth   TX,*,Phoenix             AZ,1.1,0,No,No,4711.47,28637.00,23025.00,3036732,2753373,Free,Free,870,7060,229.84
*,Denver              CO,*,Phoenix             AZ,1.02,0,No,No,3959.07,29055.00,23025.00,1862106,2753373,Free,Free,590,11723,133.04
*,Detroit             MI,*,Phoenix             AZ,1.22,3,No,Yes,4116.08,26506.00,23025.00,4459144,2753373,Free,Constrained,1682,8384,191.66
*,El Paso             TX,*,Phoenix             AZ,1,3,No,Yes,7231.62,14600.00,23025.00,677757,2753373,Free,Free,353,6211,60.73
*,Houston             TX,*,Phoenix             AZ,1.08,3,No,Yes,3100.41,27211.00,23025.00,3770125,2753373,Free,Free,1014,6277,148.28
*,Kansas City         MO,*,Phoenix             AZ,1.18,3,No,Yes,3725.96,25450.00,23025.00,1694803,2753373,Free,Free,1046,8478,85.48
*,Las Vegas           NV,*,Phoenix             AZ,1,3,Yes,Yes,5619.02,24575.00,23025.00,1197234,2753373,Free,Free,248,22995,53.07
*,Los Angeles         CA,*,Phoenix             AZ,1.01,3,No,Yes,3923.94,24706.00,23025.00,9056076,2753373,Free,Free,366,35471,51.73
*,Minneapolis/St Paul MN,*,Phoenix             AZ,1.12,0,No,No,4317.49,28739.00,23025.00,2761118,2753373,Free,Constrained,1279,8730,195.91
JFK,New York/Newark     NY,*,Phoenix             AZ,1.39,3,No,No,2892.9,32991.00,23025.00,8621121,2753373,Controlled,Free,2148,14830,273.12
LGA,New York/Newark     NY,*,Phoenix             AZ,1.39,3,No,No,2892.9,32991.00,23025.00,8621121,2753373,Controlled,Free,2148,14830,273.12
EWR,New York/Newark     NY,*,Phoenix             AZ,1.39,3,No,No,2892.9,32991.00,23025.00,8621121,2753373,Free,Constrained,2148,14830,273.12
*,Oakland             CA,*,Phoenix             AZ,1.03,3,No,Yes,4787.55,29846.00,23025.00,2237227,2753373,Free,Free,638,8271,84.15
*,Omaha               NE,*,Phoenix             AZ,1.34,3,No,Yes,3442.98,25127.00,23025.00,679984,2753373,Free,Free,1031,5953,81.32
*,Orlando             FL,*,Phoenix             AZ,1.78,3,Yes,Yes,2275.24,22360.00,23025.00,1421287,2753373,Free,Free,1851,4099,162.53
*,Philadelphia/Camden PA,*,Phoenix             AZ,1.55,3,No,No,3127.59,27994.00,23025.00,4948339,2753373,Free,Free,2083,3891,291.78
*,Atlanta             GA,*,Pittsburgh          PA,1.04,3,No,No,4215.01,26993.00,25054.00,3532657,2374260,Free,Constrained,525,7664,93.55
*,Boston              MA,*,Pittsburgh          PA,1.1,3,No,No,9174.83,30124.00,25054.00,5787293,2374260,Free,Constrained,483,5539,186.28
ORD,Chicago             IL,*,Pittsburgh          PA,1.05,3,No,No,4947.28,29260.00,25054.00,7830332,2374260,Controlled,Constrained,412,6585,208.86
MDW,Chicago             IL,*,Pittsburgh          PA,1.05,3,No,No,4947.28,29260.00,25054.00,7830332,2374260,Free,Constrained,412,6585,208.86
JFK,New York/Newark     NY,*,Pittsburgh          PA,1.02,3,No,No,5898.74,32991.00,25054.00,8621121,2374260,Controlled,Constrained,325,13957,169.90
LGA,New York/Newark     NY,*,Pittsburgh          PA,1.02,3,No,No,5898.74,32991.00,25054.00,8621121,2374260,Controlled,Constrained,325,13957,169.90
EWR,New York/Newark     NY,*,Pittsburgh          PA,1.02,3,No,No,5898.74,32991.00,25054.00,8621121,2374260,Free,Constrained,325,13957,169.90
EWR,New York/Newark     NY,*,Pittsburgh          PA,1.02,3,No,No,5898.74,32991.00,25054.00,8621121,2374260,Free,Constrained,325,13957,169.90
*,Orlando             FL,*,Pittsburgh          PA,1.23,3,Yes,No,6166.33,22360.00,25054.00,1421287,2374260,Free,Constrained,831,7121,122.62
*,Philadelphia/Camden PA,*,Pittsburgh          PA,1.02,0,No,No,9935.07,27994.00,25054.00,4948339,2374260,Free,Constrained,264,9515,134.09
*,Boise               ID,*,Portland            OR,1.01,1,No,Yes,4315.92,23901.00,26409.00,372606,249561,Free,Free,344,5899,66.88
ORD,Chicago             IL,*,Portland            OR,1.34,3,No,No,4409.42,29260.00,26409.00,7830332,249561,Controlled,Free,1749,5025,279.61
MDW,Chicago             IL,*,Portland            OR,1.34,3,No,No,4409.42,29260.00,26409.00,7830332,249561,Free,Free,1749,5025,279.61
*,Denver              CO,*,Portland            OR,1.3,3,No,No,6769.31,29055.00,26409.00,1862106,249561,Free,Free,992,4701,188.46
*,Honolulu (Intl)     HI,*,Portland            OR,1.63,3,Yes,No,3784.94,26681.00,26409.00,873131,249561,Free,Free,2603,2746,205.51
*,Las Vegas           NV,*,Portland            OR,1.16,3,Yes,Yes,2318.28,24575.00,26409.00,1197234,249561,Free,Free,760,9497,69.19
*,Los Angeles         CA,*,Portland            OR,1.06,0,No,Yes,3153.68,24706.00,26409.00,9056076,249561,Free,Free,831,16784,91.97
JFK,New York/Newark     NY,*,Portland            OR,1.77,3,No,No,2548.46,32991.00,26409.00,8621121,249561,Controlled,Free,2444,4455,302.33
LGA,New York/Newark     NY,*,Portland            OR,1.77,3,No,No,2548.46,32991.00,26409.00,8621121,249561,Controlled,Free,2444,4455,302.33
EWR,New York/Newark     NY,*,Portland            OR,1.77,1,No,No,2548.46,32991.00,26409.00,8621121,249561,Free,Constrained,2444,4455,302.33
*,Oakland             CA,*,Portland            OR,1.01,3,No,Yes,5281.56,29846.00,26409.00,2237227,249561,Free,Free,543,10016,63.76
*,Phoenix             AZ,*,Portland            OR,1.31,3,No,Yes,2710.38,23025.00,26409.00,2753373,249561,Free,Free,1001,8292,114.95
*,Sacramento          CA,*,Portland            OR,1.04,3,No,Yes,5198.85,24236.00,26409.00,1481076,249561,Free,Free,485,7070,65.80
*,Salt Lake City      UT,*,Portland            OR,1.03,3,No,Yes,5680.53,21121.00,26409.00,1228816,249561,Free,Free,633,6602,79.48
*,San Diego           CA,*,Portland            OR,1.26,3,No,Yes,4876.68,23903.00,26409.00,2673620,249561,Free,Free,933,6302,96.58
*,San Francisco       CA,*,Portland            OR,1.01,3,No,No,5144.17,38813.00,26409.00,1653017,249561,Free,Free,542,13527,68.41
*,San Jose            CA,*,Portland            OR,1,3,No,Yes,4730.96,34880.00,26409.00,1594251,249561,Free,Free,569,11593,65.84
*,Seattle/Tacoma      WA,*,Portland            OR,1,0,No,No,6397.4,30916.00,26409.00,2230831,249561,Free,Free,135,11415,88.46
*,Spokane             WA,*,Portland            OR,1.01,3,No,Yes,5020.72,21300.00,26409.00,403939,249561,Free,Free,281,6760,50.38
*,Baltimore/Wash Intl MD,*,Providence          RI,1.11,2,No,No,9129.66,29838.00,24205.00,29838,905329,Free,Free,328,1504,176.88
ORD,Chicago             IL,*,Providence          RI,1.11,3,No,No,4124.55,29260.00,24205.00,7830332,905329,Controlled,Free,842,2874,219.38
MDW,Chicago             IL,*,Providence          RI,1.11,2,No,No,4124.55,29260.00,24205.00,7830332,905329,Free,Free,842,2874,219.38
JFK,New York/Newark     NY,*,Providence          RI,1,3,No,No,4449.76,32991.00,24205.00,8621121,905329,Controlled,Free,147,4158,106.29
LGA,New York/Newark     NY,*,Providence          RI,1,3,No,No,4449.76,32991.00,24205.00,8621121,905329,Controlled,Free,147,4158,106.29
EWR,New York/Newark     NY,*,Providence          RI,1,3,No,No,4449.76,32991.00,24205.00,8621121,905329,Free,Constrained,147,4158,106.29
*,Orlando             FL,*,Providence          RI,1.55,2,Yes,No,3087.27,22360.00,24205.00,1421287,905329,Free,Free,1075,4771,108.96
*,Atlanta             GA,*,Raleigh/Durham      NC,1.03,3,No,No,7046.11,26993.00,26101.00,3532657,1021830,Free,Free,356,9307,123.44
*,Boston              MA,*,Raleigh/Durham      NC,1.26,3,No,No,4542.83,30124.00,26101.00,5787293,1021830,Free,Free,606,5598,140.07
ORD,Chicago             IL,*,Raleigh/Durham      NC,1.12,3,No,No,4579.82,29260.00,26101.00,7830332,1021830,Controlled,Free,636,6123,193.67
MDW,Chicago             IL,*,Raleigh/Durham      NC,1.12,3,No,No,4579.82,29260.00,26101.00,7830332,1021830,Free,Free,636,6123,193.67
*,Dallas/Fort Worth   TX,*,Raleigh/Durham      NC,1.19,3,No,No,7617.69,28637.00,26101.00,3036732,1021830,Free,Free,1065,4285,230.56
JFK,New York/Newark     NY,*,Raleigh/Durham      NC,1.06,3,No,No,3474.23,32991.00,26101.00,8621121,1021830,Controlled,Free,426,12883,154.73
LGA,New York/Newark     NY,*,Raleigh/Durham      NC,1.06,3,No,No,3474.23,32991.00,26101.00,8621121,1021830,Controlled,Free,426,12883,154.73
EWR,New York/Newark     NY,*,Raleigh/Durham      NC,1.06,3,No,No,3474.23,32991.00,26101.00,8621121,1021830,Free,Constrained,426,12883,154.73
*,Philadelphia/Camden PA,*,Raleigh/Durham      NC,1.02,3,No,No,5317.36,27994.00,26101.00,4948339,1021830,Free,Free,346,4288,144.86
IAD,Washington          DC,*,Raleigh/Durham      NC,1.01,3,No,No,3266.44,31981.00,26101.00,4549784,1021830,Free,Free,225,7241,109.44
DCA,Washington          DC,*,Raleigh/Durham      NC,1.01,3,No,No,3266.44,31981.00,26101.00,4549784,1021830,Controlled,Free,225,7241,109.44
ORD,Chicago             IL,*,Reno                NV,1.41,3,Yes,No,4014.79,29260.00,29284.00,7830332,298680,Controlled,Free,1680,3926,125.90
MDW,Chicago             IL,*,Reno                NV,1.41,3,Yes,No,4014.79,29260.00,29284.00,7830332,298680,Free,Free,1680,3926,125.90
*,Las Vegas           NV,*,Reno                NV,1,3,Yes,Yes,5182.37,24575.00,29284.00,1197234,298680,Free,Free,344,13102,54.38
*,Los Angeles         CA,*,Reno                NV,1.09,3,Yes,Yes,5265.15,24706.00,29284.00,9056076,298680,Free,Free,388,10213,60.28
*,Oakland             CA,*,Reno                NV,1,3,Yes,Yes,10000,29846.00,29284.00,2237227,298680,Free,Free,180,5220,47.85
*,Phoenix             AZ,*,Reno                NV,1.07,3,Yes,Yes,4860.36,23025.00,29284.00,2753373,298680,Free,Free,592,4517,72.42
*,Portland            OR,*,Reno                NV,1.06,3,Yes,Yes,5296.51,26409.00,29284.00,249561,298680,Free,Free,444,9368,44.89
*,San Diego           CA,*,Reno                NV,1.15,3,Yes,Yes,5550.56,23903.00,29284.00,2673620,298680,Free,Free,488,3958,68.59
*,San Jose            CA,*,Reno                NV,1,3,Yes,Yes,5454.19,34880.00,29284.00,1594251,298680,Free,Free,188,6394,42.47
*,Seattle/Tacoma      WA,*,Reno                NV,1.02,3,Yes,Yes,3802.74,30916.00,29284.00,2230831,298680,Free,Free,569,14609,45.11
JFK,New York/Newark     NY,*,Richmond (Intl)     VA,1.04,3,No,No,5006.45,32991.00,26553.00,8621121,936107,Controlled,Free,287,4472,218.54
LGA,New York/Newark     NY,*,Richmond (Intl)     VA,1.04,3,No,No,5006.45,32991.00,26553.00,8621121,936107,Controlled,Free,287,4472,218.54
EWR,New York/Newark     NY,*,Richmond (Intl)     VA,1.04,3,No,No,5006.45,32991.00,26553.00,8621121,936107,Free,Constrained,287,4472,218.54
JFK,New York/Newark     NY,*,Rochester           NY,1.01,3,No,No,3428.64,32991.00,26044.00,8621121,113091,Controlled,Free,254,8469,127.38
LGA,New York/Newark     NY,*,Rochester           NY,1.01,3,No,No,3428.64,32991.00,26044.00,8621121,113091,Controlled,Free,254,8469,127.38
EWR,New York/Newark     NY,*,Rochester           NY,1.01,3,No,No,3428.64,32991.00,26044.00,8621121,113091,Free,Constrained,254,8469,127.38
*,Burbank             CA,*,Sacramento          CA,1.01,3,No,Yes,9819.56,24706.00,24236.00,9056076,1481076,Free,Free,349,15444,52.53
*,Las Vegas           NV,*,Sacramento          CA,1.18,3,Yes,Yes,8072.26,24575.00,24236.00,1197234,1481076,Free,Free,387,7985,56.91
*,Los Angeles         CA,*,Sacramento          CA,1.01,3,No,Yes,4729.11,24706.00,24236.00,9056076,1481076,Free,Free,361,18833,56.79
*,Phoenix             AZ,*,Sacramento          CA,1.1,3,No,Yes,4450.67,23025.00,24236.00,2753373,1481076,Free,Free,629,7007,78.67
*,San Diego           CA,*,Sacramento          CA,1.02,3,No,Yes,9130.73,23903.00,24236.00,2673620,1481076,Free,Free,472,15062,57.57
*,Seattle/Tacoma      WA,*,Sacramento          CA,1.03,3,No,Yes,5889.77,30916.00,24236.00,2230831,1481076,Free,Free,618,10303,64.39
*,Atlanta             GA,*,Salt Lake City      UT,1.46,3,No,No,6749.12,26993.00,21121.00,3532657,1228816,Free,Free,1588,4644,179.13
ORD,Chicago             IL,*,Salt Lake City      UT,1.22,3,No,Yes,2711.42,29260.00,21121.00,7830332,1228816,Controlled,Free,1259,5763,185.65
MDW,Chicago             IL,*,Salt Lake City      UT,1.22,3,No,Yes,2711.42,29260.00,21121.00,7830332,1228816,Free,Free,1259,5763,185.65
*,Denver              CO,*,Salt Lake City      UT,1,3,No,No,2587.58,29055.00,21121.00,1862106,1228816,Free,Free,388,12994,69.60
*,Las Vegas           NV,*,Salt Lake City      UT,1.01,3,Yes,Yes,3935.01,24575.00,21121.00,1197234,1228816,Free,Free,359,10349,57.40
*,Los Angeles         CA,*,Salt Lake City      UT,1.05,3,No,Yes,5089.75,24706.00,21121.00,9056076,1228816,Free,Free,584,17617,66.46
JFK,New York/Newark     NY,*,Salt Lake City      UT,1.64,3,No,No,3863.5,32991.00,21121.00,8621121,1228816,Controlled,Free,1982,4739,259.32
LGA,New York/Newark     NY,*,Salt Lake City      UT,1.64,3,No,No,3863.5,32991.00,21121.00,8621121,1228816,Controlled,Free,1982,4739,259.32
EWR,New York/Newark     NY,*,Salt Lake City      UT,1.64,1,No,No,3863.5,32991.00,21121.00,8621121,1228816,Free,Constrained,1982,4739,259.32
*,Oakland             CA,*,Salt Lake City      UT,1,1,No,Yes,5218.38,29846.00,21121.00,2237227,1228816,Free,Free,586,6460,69.95
*,Phoenix             AZ,*,Salt Lake City      UT,1.01,3,No,Yes,3570.78,23025.00,21121.00,2753373,1228816,Free,Free,495,12447,73.69
*,Sacramento          CA,*,Salt Lake City      UT,1.05,1,No,Yes,6050.65,24236.00,21121.00,1481076,1228816,Free,Free,525,4176,72.22
*,San Diego           CA,*,Salt Lake City      UT,1.06,3,No,Yes,5193.61,23903.00,21121.00,2673620,1228816,Free,Free,617,6671,65.91
*,San Francisco       CA,*,Salt Lake City      UT,1.02,3,No,No,4491.65,38813.00,21121.00,1653017,1228816,Free,Free,593,6213,85.19
*,Seattle/Tacoma      WA,*,Salt Lake City      UT,1.03,3,No,Yes,5135.88,30916.00,21121.00,2230831,1228816,Free,Free,696,9201,78.30
ORD,Chicago             IL,*,San Antonio         TX,1.28,3,No,Yes,3262.15,29260.00,21276.00,7830332,1481709,Controlled,Free,1038,6233,128.36
MDW,Chicago             IL,*,San Antonio         TX,1.28,3,No,Yes,3262.15,29260.00,21276.00,7830332,1481709,Free,Free,1038,6233,128.36
*,Dallas/Fort Worth   TX,*,San Antonio         TX,1.01,3,No,Yes,5130.29,28637.00,21276.00,3036732,1481709,Free,Free,242,22163,63.69
*,Houston             TX,*,San Antonio         TX,1,3,No,Yes,5751.82,27211.00,21276.00,3770125,1481709,Free,Free,177,10581,63.92
*,Las Vegas           NV,*,San Antonio         TX,1.3,3,Yes,Yes,5553.16,24575.00,21276.00,1197234,1481709,Free,Free,1074,6756,86.71
*,Los Angeles         CA,*,San Antonio         TX,1.42,3,No,Yes,2909.15,24706.00,21276.00,9056076,1481709,Free,Free,1218,4620,130.09
JFK,New York/Newark     NY,*,San Antonio         TX,1.78,3,No,No,2905.97,32991.00,21276.00,8621121,1481709,Controlled,Free,1577,3732,273.53
LGA,New York/Newark     NY,*,San Antonio         TX,1.78,3,No,No,2905.97,32991.00,21276.00,8621121,1481709,Controlled,Free,1577,3732,273.53
EWR,New York/Newark     NY,*,San Antonio         TX,1.78,3,No,No,2905.97,32991.00,21276.00,8621121,1481709,Free,Constrained,1577,3732,273.53
*,Orlando             FL,*,San Antonio         TX,1.6,2,Yes,Yes,2366.36,22360.00,21276.00,1421287,1481709,Free,Free,1032,2978,118.17
*,Atlanta             GA,*,San Diego           CA,1.44,3,No,No,5011.88,26993.00,23903.00,3532657,2673620,Free,Free,1886,4445,204.35
*,Boston              MA,*,San Diego           CA,1.94,3,No,No,1888.3,30124.00,23903.00,5787293,2673620,Free,Free,2576,3987,291.51
ORD,Chicago             IL,*,San Diego           CA,1.27,1,No,Yes,2863.2,29260.00,23903.00,7830332,2673620,Controlled,Free,1724,9252,219.63
MDW,Chicago             IL,*,San Diego           CA,1.27,3,No,Yes,2863.2,29260.00,23903.00,7830332,2673620,Free,Free,1724,9252,219.63
*,Dallas/Fort Worth   TX,*,San Diego           CA,1.18,3,No,No,5570.8,28637.00,23903.00,3036732,2673620,Free,Free,1163,4596,252.97
*,Denver              CO,*,San Diego           CA,1.2,3,No,No,6496.3,29055.00,23903.00,1862106,2673620,Free,Free,840,6901,134.79
*,Las Vegas           NV,*,San Diego           CA,1.01,0,Yes,Yes,6906.75,24575.00,23903.00,1197234,2673620,Free,Free,258,17966,53.14
*,Los Angeles         CA,*,San Diego           CA,1,3,No,No,3105.31,24706.00,23903.00,9056076,2673620,Free,Free,114,6446,70.41
*,Los Angeles         CA,*,San Diego           CA,1,3,No,No,3105.31,24706.00,23903.00,9056076,2673620,Free,Free,114,6446,70.41
*,Minneapolis/St Paul MN,*,San Diego           CA,1.3,3,No,No,5472.07,28739.00,23903.00,2761118,2673620,Free,Constrained,1532,3066,251.73
JFK,New York/Newark     NY,*,San Diego           CA,1.57,3,No,No,2313.6,32991.00,23903.00,8621121,2673620,Controlled,Free,2433,9343,299.17
LGA,New York/Newark     NY,*,San Diego           CA,1.57,3,No,No,2313.6,32991.00,23903.00,8621121,2673620,Controlled,Free,2433,9343,299.17
EWR,New York/Newark     NY,*,San Diego           CA,1.57,1,No,No,2313.6,32991.00,23903.00,8621121,2673620,Free,Constrained,2433,9343,299.17
*,Oakland             CA,*,San Diego           CA,1.02,3,No,Yes,9588.09,29846.00,23903.00,2237227,2673620,Free,Free,448,16226,57.29
*,Phoenix             AZ,*,San Diego           CA,1.01,3,No,Yes,5918.84,23025.00,23903.00,2753373,2673620,Free,Free,295,20653,50.10
*,San Francisco       CA,*,San Diego           CA,1.02,3,No,Yes,5101.83,38813.00,23903.00,1653017,2673620,Free,Free,455,27906,58.68
*,Seattle/Tacoma      WA,*,San Diego           CA,1.26,3,No,Yes,5588.72,30916.00,23903.00,2230831,2673620,Free,Free,1056,11396,100.80
*,Atlanta             GA,*,San Francisco       CA,1.36,3,No,No,5492.6,26993.00,38813.00,3532657,1653017,Free,Free,2137,10112,248.49
*,Boston              MA,*,San Francisco       CA,1.39,3,No,No,5559.43,30124.00,38813.00,5787293,1653017,Free,Free,2694,16050,367.72
*,Burbank             CA,*,San Francisco       CA,1,3,No,No,9978.49,24706.00,38813.00,9056076,1653017,Free,Free,332,14363,83.74
ORD,Chicago             IL,*,San Francisco       CA,1.2,3,No,No,5068.53,29260.00,38813.00,7830332,1653017,Controlled,Free,1851,20831,291.66
MDW,Chicago             IL,*,San Francisco       CA,1.2,3,No,No,5068.53,29260.00,38813.00,7830332,1653017,Free,Free,1851,20831,291.66
*,Dallas/Fort Worth   TX,*,San Francisco       CA,1.24,3,No,No,4935.18,28637.00,38813.00,3036732,1653017,Free,Free,1463,7537,297.83
*,Denver              CO,*,San Francisco       CA,1.09,3,No,No,7251.37,29055.00,38813.00,1862106,1653017,Free,Free,960,15039,168.96
*,Detroit             MI,*,San Francisco       CA,1.37,3,No,No,5583.02,26506.00,38813.00,4459144,1653017,Free,Constrained,2084,4913,314.88
*,Houston             TX,*,San Francisco       CA,1.26,3,No,Yes,4745.3,27211.00,38813.00,3770125,1653017,Free,Free,1637,7341,241.04
*,Kansas City         MO,*,San Francisco       CA,1.35,3,No,No,2024.97,25450.00,38813.00,1694803,1653017,Free,Free,1500,6158,116.52
*,Las Vegas           NV,*,San Francisco       CA,1.06,3,Yes,Yes,4548.61,24575.00,38813.00,1197234,1653017,Free,Free,416,17840,72.58
*,Los Angeles         CA,*,San Francisco       CA,1.02,3,No,No,7664.03,24706.00,38813.00,9056076,1653017,Free,Free,341,43671,79.23
*,Miami               FL,*,San Francisco       CA,1.43,3,Yes,No,4074.1,21207.00,38813.00,2105604,1653017,Free,Free,2579,4583,261.67
*,Minneapolis/St Paul MN,*,San Francisco       CA,1.19,3,No,No,6902.15,28739.00,38813.00,2761118,1653017,Free,Constrained,1589,8881,224.17
JFK,New York/Newark     NY,*,San Francisco       CA,1.24,3,No,No,3362.86,32991.00,38813.00,8621121,1653017,Controlled,Free,2574,41492,374.40
LGA,New York/Newark     NY,*,San Francisco       CA,1.24,3,No,No,3362.86,32991.00,38813.00,8621121,1653017,Controlled,Free,2574,41492,374.40
EWR,New York/Newark     NY,*,San Francisco       CA,1.24,3,No,No,3362.86,32991.00,38813.00,8621121,1653017,Free,Constrained,2574,41492,374.40
*,Orlando             FL,*,San Francisco       CA,1.66,3,Yes,No,2638.87,22360.00,38813.00,1421287,1653017,Free,Free,2443,4799,261.74
*,Philadelphia/Camden PA,*,San Francisco       CA,1.41,3,No,No,3516.97,27994.00,38813.00,4948339,1653017,Free,Free,2523,8081,326.76
*,Phoenix             AZ,*,San Francisco       CA,1.03,3,No,Yes,3405.75,23025.00,38813.00,2753373,1653017,Free,Free,646,14400,85.52
*,Seattle/Tacoma      WA,*,San Francisco       CA,1.02,3,No,No,5124.22,30916.00,38813.00,2230831,1653017,Free,Free,676,20727,81.28
*,Austin              TX,*,San Jose            CA,1.17,3,No,Yes,7262.65,23665.00,34880.00,1038660,1594251,Free,Free,1473,4071,200.41
*,Boston              MA,*,San Jose            CA,1.53,3,No,No,5155.47,30124.00,34880.00,5787293,1594251,Free,Free,2682,3677,402.02
*,Burbank             CA,*,San Jose            CA,1,3,No,Yes,9986.32,24706.00,34880.00,9056076,1594251,Free,Free,296,10770,59.80
ORD,Chicago             IL,*,San Jose            CA,1.27,3,No,No,3654.11,29260.00,34880.00,7830332,1594251,Controlled,Free,1837,4600,294.18
MDW,Chicago             IL,*,San Jose            CA,1.27,3,No,No,3654.11,29260.00,34880.00,7830332,1594251,Free,Free,1837,4600,294.18
*,Dallas/Fort Worth   TX,*,San Jose            CA,1.12,3,No,No,7516.35,28637.00,34880.00,3036732,1594251,Free,Free,1436,4799,325.02
*,Denver              CO,*,San Jose            CA,1.18,3,No,No,8142.6,29055.00,34880.00,1862106,1594251,Free,Free,943,4166,263.48
*,Las Vegas           NV,*,San Jose            CA,1.01,3,Yes,Yes,5472.43,24575.00,34880.00,1197234,1594251,Free,Free,387,13378,55.16
*,Los Angeles         CA,*,San Jose            CA,1,3,No,Yes,4636.25,24706.00,34880.00,9056076,1594251,Free,Free,305,26888,58.98
*,Phoenix             AZ,*,San Jose            CA,1.05,3,No,Yes,5108.01,23025.00,34880.00,2753373,1594251,Free,Free,614,10131,92.57
*,San Diego           CA,*,San Jose            CA,1,3,No,Yes,4956.27,23903.00,34880.00,2673620,1594251,Free,Free,419,17034,63.39
*,Seattle/Tacoma      WA,*,San Jose            CA,1.02,3,No,Yes,5201.65,30916.00,34880.00,2230831,1594251,Free,Free,702,15072,63.30
JFK,New York/Newark     NY,*,Sarasota/Bradenton  FL,1.37,3,Yes,No,3787.29,32991.00,30460.00,8621121,528868,Controlled,Free,1042,4028,137.25
LGA,New York/Newark     NY,*,Sarasota/Bradenton  FL,1.37,1,Yes,No,3787.29,32991.00,30460.00,8621121,528868,Controlled,Free,1042,4028,137.25
EWR,New York/Newark     NY,*,Sarasota/Bradenton  FL,1.37,3,Yes,No,3787.29,32991.00,30460.00,8621121,528868,Free,Constrained,1042,4028,137.25
*,Anchorage           AK,*,Seattle/Tacoma      WA,1.02,3,No,No,6372.59,28690.00,30916.00,249642,2230831,Free,Free,1443,14474,142.83
*,Atlanta             GA,*,Seattle/Tacoma      WA,1.47,3,No,No,5090.58,26993.00,30916.00,3532657,2230831,Free,Free,2182,6124,200.20
*,Boston              MA,*,Seattle/Tacoma      WA,1.59,3,No,No,2705.03,30124.00,30916.00,5787293,2230831,Free,Free,2489,4560,297.61
*,Burbank             CA,*,Seattle/Tacoma      WA,1.11,3,No,Yes,6039.76,24706.00,30916.00,9056076,2230831,Free,Free,943,5638,97.46
ORD,Chicago             IL,*,Seattle/Tacoma      WA,1.25,1,No,No,4148.56,29260.00,30916.00,7830332,2230831,Controlled,Free,1731,10343,260.16
MDW,Chicago             IL,*,Seattle/Tacoma      WA,1.25,3,No,No,4148.56,29260.00,30916.00,7830332,2230831,Free,Free,1731,10343,260.16
*,Dallas/Fort Worth   TX,*,Seattle/Tacoma      WA,1.23,3,No,No,4487.07,28637.00,30916.00,3036732,2230831,Free,Free,1662,6482,239.66
*,Denver              CO,*,Seattle/Tacoma      WA,1.14,3,No,No,6825.49,29055.00,30916.00,1862106,2230831,Free,Free,1028,9760,169.92
*,Detroit             MI,*,Seattle/Tacoma      WA,1.42,3,No,No,5870.66,26506.00,30916.00,4459144,2230831,Free,Constrained,1932,2575,285.34
*,Las Vegas           NV,*,Seattle/Tacoma      WA,1.16,3,Yes,Yes,2781.55,24575.00,30916.00,1197234,2230831,Free,Free,869,15887,70.16
*,Los Angeles         CA,*,Seattle/Tacoma      WA,1.08,3,No,Yes,3905.34,24706.00,30916.00,9056076,2230831,Free,Free,957,28988,101.64
*,Minneapolis/St Paul MN,*,Seattle/Tacoma      WA,1.13,3,No,No,7845.92,28739.00,30916.00,2761118,2230831,Free,Constrained,1402,6907,186.96
JFK,New York/Newark     NY,*,Seattle/Tacoma      WA,1.52,1,No,No,2019.98,32991.00,30916.00,8621121,2230831,Controlled,Free,2411,10125,289.25
LGA,New York/Newark     NY,*,Seattle/Tacoma      WA,1.52,3,No,No,2019.98,32991.00,30916.00,8621121,2230831,Controlled,Free,2411,10125,289.25
EWR,New York/Newark     NY,*,Seattle/Tacoma      WA,1.52,1,No,No,2019.98,32991.00,30916.00,8621121,2230831,Free,Constrained,2411,10125,289.25
*,Oakland             CA,*,Seattle/Tacoma      WA,1.02,3,No,Yes,5328.85,29846.00,30916.00,2237227,2230831,Free,Free,677,17497,63.06
*,Orlando             FL,*,Seattle/Tacoma      WA,1.88,3,Yes,No,2012.46,22360.00,30916.00,1421287,2230831,Free,Free,2553,3183,238.73
*,Phoenix             AZ,*,Seattle/Tacoma      WA,1.22,3,No,Yes,2963.01,23025.00,30916.00,2753373,2230831,Free,Free,1103,13153,110.00
*,Seattle/Tacoma      WA,*,Spokane             WA,1,3,No,Yes,5552.01,30916.00,21300.00,2230831,403939,Free,Free,225,16507,51.30
*,Atlanta             GA,*,St Louis            MO,1.07,3,No,No,4636,26993.00,25824.00,3532657,2549844,Free,Free,471,5303,199.80
ORD,Chicago             IL,*,St Louis            MO,1,3,No,Yes,3042.25,29260.00,25824.00,7830332,2549844,Controlled,Free,257,24362,76.96
MDW,Chicago             IL,*,St Louis            MO,1,3,No,Yes,3042.25,29260.00,25824.00,7830332,2549844,Free,Free,257,24362,76.96
*,Cleveland           OH,*,St Louis            MO,1.04,3,No,Yes,3642.39,26046.00,25824.00,2230955,2549844,Free,Free,492,5629,77.62
*,Dallas/Fort Worth   TX,*,St Louis            MO,1.06,3,No,No,4803.13,28637.00,25824.00,3036732,2549844,Free,Free,556,7478,188.11
*,Denver              CO,*,St Louis            MO,1.08,3,No,No,4128.6,29055.00,25824.00,1862106,2549844,Free,Free,785,4186,207.17
*,Detroit             MI,*,St Louis            MO,1.02,3,No,Yes,3363.8,26506.00,25824.00,4459144,2549844,Free,Constrained,447,10298,77.46
*,Houston             TX,*,St Louis            MO,1.03,3,No,Yes,3467.7,27211.00,25824.00,3770125,2549844,Free,Free,682,7785,105.13
*,Kansas City         MO,*,St Louis            MO,1,3,No,Yes,5034.18,25450.00,25824.00,1694803,2549844,Free,Free,244,9784,56.80
*,Las Vegas           NV,*,St Louis            MO,1.28,3,Yes,Yes,3699.42,24575.00,25824.00,1197234,2549844,Free,Free,1379,4971,141.48
*,Los Angeles         CA,*,St Louis            MO,1.28,3,No,Yes,5138.01,24706.00,25824.00,9056076,2549844,Free,Free,1602,6165,210.16
*,Minneapolis/St Paul MN,*,St Louis            MO,1.03,3,No,No,4901.1,28739.00,25824.00,2761118,2549844,Free,Constrained,457,4826,202.77
JFK,New York/Newark     NY,*,St Louis            MO,1.16,3,No,No,6275.61,32991.00,25824.00,8621121,2549844,Controlled,Free,877,10816,261.63
LGA,New York/Newark     NY,*,St Louis            MO,1.16,3,No,No,6275.61,32991.00,25824.00,8621121,2549844,Controlled,Free,877,10816,261.63
EWR,New York/Newark     NY,*,St Louis            MO,1.16,3,No,No,6275.61,32991.00,25824.00,8621121,2549844,Free,Constrained,877,10816,261.63
*,Orlando             FL,*,St Louis            MO,1.29,3,Yes,Yes,4708.44,22360.00,25824.00,1421287,2549844,Free,Free,869,6082,142.98
*,Phoenix             AZ,*,St Louis            MO,1.07,3,No,Yes,3503.22,23025.00,25824.00,2753373,2549844,Free,Free,1272,5830,137.20
JFK,New York/Newark     NY,*,Syracuse            NY,1,3,No,No,2806.92,32991.00,22069.00,8621121,743633,Controlled,Free,199,5275,120.84
LGA,New York/Newark     NY,*,Syracuse            NY,1,3,No,No,2806.92,32991.00,22069.00,8621121,743633,Controlled,Free,199,5275,120.84
EWR,New York/Newark     NY,*,Syracuse            NY,1,3,No,No,2806.92,32991.00,22069.00,8621121,743633,Free,Constrained,199,5275,120.84
*,Orlando             FL,*,Syracuse            NY,1.55,3,Yes,No,3503.11,22360.00,22069.00,1421287,743633,Free,Free,1054,3861,119.90
*,Miami               FL,*,Tallahassee         FL,1.04,3,Yes,No,3375.37,21207.00,21002.00,2105604,258019,Free,Free,399,2789,105.45
*,Atlanta             GA,*,Tampa               FL,1.01,3,Yes,No,4891.84,26993.00,23654.00,3532657,2195215,Free,Free,414,17437,87.35
*,Boston              MA,*,Tampa               FL,1.27,3,Yes,No,2982.62,30124.00,23654.00,5787293,2195215,Free,Free,1183,10673,124.82
ORD,Chicago             IL,*,Tampa               FL,1.14,3,Yes,Yes,2260.17,29260.00,23654.00,7830332,2195215,Controlled,Free,1008,17160,127.06
MDW,Chicago             IL,*,Tampa               FL,1.14,3,Yes,Yes,2260.17,29260.00,23654.00,7830332,2195215,Free,Free,1008,17160,127.06
*,Columbus            OH,*,Tampa               FL,1.55,3,Yes,Yes,2553.17,24502.00,23654.00,125722,2195215,Free,Free,834,4587,106.65
*,Dallas/Fort Worth   TX,*,Tampa               FL,1.13,3,Yes,No,5565.54,28637.00,23654.00,3036732,2195215,Free,Free,936,5196,200.69
*,Detroit             MI,*,Tampa               FL,1.17,3,Yes,No,4984.08,26506.00,23654.00,4459144,2195215,Free,Constrained,994,10640,107.51
*,Fort Lauderdale     FL,*,Tampa               FL,1,3,Yes,Yes,3692.28,26752.00,23654.00,1440377,2195215,Free,Free,187,13264,46.32
*,Hartford            CT,*,Tampa               FL,1.44,3,Yes,No,4633.51,30268.00,23654.00,1106780,2195215,Free,Free,1108,4410,125.25
*,Las Vegas           NV,*,Tampa               FL,1.67,3,Yes,Yes,2238.08,24575.00,23654.00,1197234,2195215,Free,Free,1989,3905,128.97
*,Los Angeles         CA,*,Tampa               FL,1.61,3,Yes,No,3873,24706.00,23654.00,9056076,2195215,Free,Free,2164,4065,224.21
*,Miami               FL,*,Tampa               FL,1,3,Yes,No,5791.78,21207.00,23654.00,2105604,2195215,Free,Free,194,7464,85.62
JFK,New York/Newark     NY,*,Tampa               FL,1.1,3,Yes,No,2422.98,32991.00,23654.00,8621121,2195215,Controlled,Free,1009,27103,123.89
LGA,New York/Newark     NY,*,Tampa               FL,1.1,3,Yes,No,2422.98,32991.00,23654.00,8621121,2195215,Controlled,Free,1009,27103,123.89
EWR,New York/Newark     NY,*,Tampa               FL,1.1,0,Yes,No,2422.98,32991.00,23654.00,8621121,2195215,Free,Constrained,1009,27103,123.89
*,Philadelphia/Camden PA,*,Tampa               FL,1.15,3,Yes,No,6172.24,27994.00,23654.00,4948339,2195215,Free,Free,932,8064,122.99
*,Pittsburgh          PA,*,Tampa               FL,1.29,3,Yes,No,7105.01,25054.00,23654.00,2374260,2195215,Free,Constrained,874,4715,119.84
*,St Louis            MO,*,Tampa               FL,1.19,3,Yes,Yes,4136.63,25824.00,23654.00,2549844,2195215,Free,Free,865,4749,135.76
*,Las Vegas           NV,*,Tucson              AZ,1.1,3,Yes,Yes,3552.11,24575.00,20375.00,1197234,766956,Free,Free,357,5658,49.77
*,Los Angeles         CA,*,Tucson              AZ,1.05,1,No,Yes,3098.74,24706.00,20375.00,9056076,766956,Free,Free,447,12808,49.02
*,San Diego           CA,*,Tucson              AZ,1.17,3,No,Yes,6167,23903.00,20375.00,2673620,766956,Free,Free,358,4307,54.96
*,Dallas/Fort Worth   TX,*,Tulsa               OK,1,3,No,Yes,4601.96,28637.00,22956.00,3036732,754013,Free,Free,239,11479,64.97
*,Houston             TX,*,Tulsa               OK,1.07,3,No,Yes,4959.21,27211.00,22956.00,3770125,754013,Free,Free,444,7782,100.36
*,Albuquerque         NM,IAD,Washington          DC,1.89,3,No,No,2225.74,22089.00,31981.00,668159,4549784,Free,Free,1643,3740,215.57
*,Albuquerque         NM,DCA,Washington          DC,1.89,3,No,No,2225.74,22089.00,31981.00,668159,4549784,Controlled,Free,1643,3740,215.57
*,Atlanta             GA,IAD,Washington          DC,1.12,3,No,No,6334.03,26993.00,31981.00,3532657,4549784,Free,Free,539,23531,166.67
*,Atlanta             GA,DCA,Washington          DC,1.12,3,No,No,6334.03,26993.00,31981.00,3532657,4549784,Controlled,Free,539,23531,166.67
*,Boston              MA,IAD,Washington          DC,1.04,3,No,No,5483.29,30124.00,31981.00,5787293,4549784,Free,Free,400,37715,132.79
*,Boston              MA,DCA,Washington          DC,1.04,3,No,No,5483.29,30124.00,31981.00,5787293,4549784,Controlled,Free,400,37715,132.79
ORD,Chicago             IL,IAD,Washington          DC,1.09,3,No,No,5560.73,29260.00,31981.00,7830332,4549784,Controlled,Free,591,27713,145.61
ORD,Chicago             IL,DCA,Washington          DC,1.09,3,No,No,5560.73,29260.00,31981.00,7830332,4549784,Controlled,Free,591,27713,145.61
MDW,Chicago             IL,IAD,Washington          DC,1.09,3,No,No,5560.73,29260.00,31981.00,7830332,4549784,Free,Free,591,27713,145.61
MDW,Chicago             IL,DCA,Washington          DC,1.09,3,No,No,5560.73,29260.00,31981.00,7830332,4549784,Controlled,Free,591,27713,145.61
*,Columbus            OH,IAD,Washington          DC,1.07,3,No,No,3289.86,24502.00,31981.00,125722,4549784,Free,Free,310,6583,100.95
*,Columbus            OH,DCA,Washington          DC,1.07,3,No,No,3289.86,24502.00,31981.00,125722,4549784,Controlled,Free,310,6583,100.95
*,Dallas/Fort Worth   TX,IAD,Washington          DC,1.16,3,No,No,6460.84,28637.00,31981.00,3036732,4549784,Free,Free,1185,14398,256.86
*,Dallas/Fort Worth   TX,DCA,Washington          DC,1.16,3,No,No,6460.84,28637.00,31981.00,3036732,4549784,Controlled,Free,1185,14398,256.86
*,Denver              CO,IAD,Washington          DC,1.33,3,No,No,7046.98,29055.00,31981.00,1862106,4549784,Free,Free,1470,12410,240.48
*,Denver              CO,DCA,Washington          DC,1.33,3,No,No,7046.98,29055.00,31981.00,1862106,4549784,Controlled,Free,1470,12410,240.48
*,Detroit             MI,IAD,Washington          DC,1.08,3,No,No,8369.88,26506.00,31981.00,4459144,4549784,Free,Constrained,391,7833,205.96
*,Detroit             MI,DCA,Washington          DC,1.08,3,No,No,8369.88,26506.00,31981.00,4459144,4549784,Controlled,Constrained,391,7833,205.96
*,Fort Lauderdale     FL,IAD,Washington          DC,1.31,3,Yes,No,5433.17,26752.00,31981.00,1440377,4549784,Free,Free,896,5935,127.67
*,Fort Lauderdale     FL,DCA,Washington          DC,1.31,3,Yes,No,5433.17,26752.00,31981.00,1440377,4549784,Controlled,Free,896,5935,127.67
*,Hartford            CT,IAD,Washington          DC,1.04,0,No,No,5796.38,30268.00,31981.00,1106780,4549784,Free,Free,315,7688,117.35
*,Hartford            CT,DCA,Washington          DC,1.04,3,No,No,5796.38,30268.00,31981.00,1106780,4549784,Controlled,Free,315,7688,117.35
*,Houston             TX,IAD,Washington          DC,1.36,3,No,No,4641.26,27211.00,31981.00,3770125,4549784,Free,Free,1213,4708,297.20
*,Houston             TX,DCA,Washington          DC,1.36,3,No,No,4641.26,27211.00,31981.00,3770125,4549784,Controlled,Free,1213,4708,297.20
*,Kansas City         MO,IAD,Washington          DC,1.42,3,No,No,4221.56,25450.00,31981.00,1694803,4549784,Free,Free,935,5252,182.56
*,Kansas City         MO,DCA,Washington          DC,1.42,3,No,No,4221.56,25450.00,31981.00,1694803,4549784,Controlled,Free,935,5252,182.56
*,Los Angeles         CA,IAD,Washington          DC,1.33,3,No,No,3680.6,24706.00,31981.00,9056076,4549784,Free,Free,2300,20007,303.82
*,Los Angeles         CA,DCA,Washington          DC,1.33,3,No,No,3680.6,24706.00,31981.00,9056076,4549784,Controlled,Free,2300,20007,303.82
*,Miami               FL,IAD,Washington          DC,1.15,3,Yes,No,5121.24,21207.00,31981.00,2105604,4549784,Free,Free,924,9176,147.80
*,Miami               FL,DCA,Washington          DC,1.15,3,Yes,No,5121.24,21207.00,31981.00,2105604,4549784,Controlled,Free,924,9176,147.80
*,Minneapolis/St Paul MN,IAD,Washington          DC,1.19,3,No,No,7968.63,28739.00,31981.00,2761118,4549784,Free,Constrained,916,8215,235.10
*,Minneapolis/St Paul MN,DCA,Washington          DC,1.19,3,No,No,7968.63,28739.00,31981.00,2761118,4549784,Controlled,Constrained,916,8215,235.10
*,New Orleans         LA,IAD,Washington          DC,1.46,3,No,No,2946.23,22038.00,31981.00,1308499,4549784,Free,Free,956,6208,164.30
*,New Orleans         LA,DCA,Washington          DC,1.46,3,No,No,2946.23,22038.00,31981.00,1308499,4549784,Controlled,Free,956,6208,164.30
JFK,New York/Newark     NY,IAD,Washington          DC,1,3,No,No,2487.89,32991.00,31981.00,8621121,4549784,Controlled,Free,217,63690,114.35
JFK,New York/Newark     NY,DCA,Washington          DC,1,3,No,No,2487.89,32991.00,31981.00,8621121,4549784,Controlled,Free,217,63690,114.35
LGA,New York/Newark     NY,IAD,Washington          DC,1,1,No,No,2487.89,32991.00,31981.00,8621121,4549784,Controlled,Free,217,63690,114.35
LGA,New York/Newark     NY,DCA,Washington          DC,1,3,No,No,2487.89,32991.00,31981.00,8621121,4549784,Controlled,Free,217,63690,114.35
EWR,New York/Newark     NY,IAD,Washington          DC,1,3,No,No,2487.89,32991.00,31981.00,8621121,4549784,Free,Constrained,217,63690,114.35
EWR,New York/Newark     NY,DCA,Washington          DC,1,3,No,No,2487.89,32991.00,31981.00,8621121,4549784,Controlled,Constrained,217,63690,114.35
*,Orlando             FL,IAD,Washington          DC,1.15,1,Yes,No,3081.34,22360.00,31981.00,1421287,4549784,Free,Free,760,14683,125.80
*,Orlando             FL,DCA,Washington          DC,1.15,3,Yes,No,3081.34,22360.00,31981.00,1421287,4549784,Controlled,Free,760,14683,125.80
*,Phoenix             AZ,IAD,Washington          DC,1.58,3,No,No,2295.23,23025.00,31981.00,2753373,4549784,Free,Free,1970,5190,279.83
*,Phoenix             AZ,DCA,Washington          DC,1.58,3,No,No,2295.23,23025.00,31981.00,2753373,4549784,Controlled,Free,1970,5190,279.83
*,San Diego           CA,IAD,Washington          DC,1.57,3,No,No,3329.81,23903.00,31981.00,2673620,4549784,Free,Free,2259,6724,273.83
*,San Diego           CA,DCA,Washington          DC,1.57,3,No,No,3329.81,23903.00,31981.00,2673620,4549784,Controlled,Free,2259,6724,273.83
*,San Francisco       CA,IAD,Washington          DC,1.37,3,No,No,6865.77,38813.00,31981.00,1653017,4549784,Free,Free,2428,17938,347.82
*,San Francisco       CA,DCA,Washington          DC,1.37,3,No,No,6865.77,38813.00,31981.00,1653017,4549784,Controlled,Free,2428,17938,347.82
*,Seattle/Tacoma      WA,IAD,Washington          DC,1.55,3,No,No,4358.51,30916.00,31981.00,2230831,4549784,Free,Free,2317,7614,281.06
*,Seattle/Tacoma      WA,DCA,Washington          DC,1.55,3,No,No,4358.51,30916.00,31981.00,2230831,4549784,Controlled,Free,2317,7614,281.06
*,St Louis            MO,IAD,Washington          DC,1.14,3,No,No,8117.12,25824.00,31981.00,2549844,4549784,Free,Free,699,4957,258.37
*,St Louis            MO,DCA,Washington          DC,1.14,3,No,No,8117.12,25824.00,31981.00,2549844,4549784,Controlled,Free,699,4957,258.37
*,Tampa               FL,IAD,Washington          DC,1.24,3,Yes,No,4580.05,23654.00,31981.00,2195215,4549784,Free,Free,815,8413,132.94
*,Tampa               FL,DCA,Washington          DC,1.24,3,Yes,No,4580.05,23654.00,31981.00,2195215,4549784,Controlled,Free,815,8413,132.94
*,Atlanta             GA,*,West Palm Beach     FL,1.01,3,Yes,No,6017.66,26993.00,37375.00,3532657,991717,Free,Free,546,7788,104.11
*,Boston              MA,*,West Palm Beach     FL,1.32,3,Yes,No,4771.66,30124.00,37375.00,5787293,991717,Free,Free,1193,8170,127.83
ORD,Chicago             IL,*,West Palm Beach     FL,1.26,3,Yes,No,2040.42,29260.00,37375.00,7830332,991717,Controlled,Free,1134,5449,145.53
MDW,Chicago             IL,*,West Palm Beach     FL,1.26,3,Yes,No,2040.42,29260.00,37375.00,7830332,991717,Free,Free,1134,5449,145.53
*,Hartford            CT,*,West Palm Beach     FL,1.36,3,Yes,No,3951.55,30268.00,37375.00,1106780,991717,Free,Free,1125,5243,130.15
JFK,New York/Newark     NY,*,West Palm Beach     FL,1.08,3,Yes,No,2216.7,32991.00,37375.00,8621121,991717,Controlled,Free,1030,34324,129.63
LGA,New York/Newark     NY,*,West Palm Beach     FL,1.08,3,Yes,No,2216.7,32991.00,37375.00,8621121,991717,Controlled,Free,1030,34324,129.63
EWR,New York/Newark     NY,*,West Palm Beach     FL,1.08,0,Yes,No,2216.7,32991.00,37375.00,8621121,991717,Free,Constrained,1030,34324,129.63
*,Philadelphia/Camden PA,*,West Palm Beach     FL,1.17,3,Yes,No,6797.8,27994.00,37375.00,4948339,991717,Free,Free,960,6016,124.87
IAD,Washington          DC,*,West Palm Beach     FL,1.28,3,Yes,No,5566.43,31981.00,37375.00,4549784,991717,Free,Free,858,4877,129.62
DCA,Washington          DC,*,West Palm Beach     FL,1.28,3,Yes,No,5566.43,31981.00,37375.00,4549784,991717,Controlled,Free,858,4877,129.62
