date,time,demand
1-Mar-05,6:30,1
1-Mar-05,6:45,2
1-Mar-05,7:00,4
1-Mar-05,7:15,0
1-Mar-05,7:30,10
1-Mar-05,7:45,13
1-Mar-05,8:00,18
1-Mar-05,8:15,19
1-Mar-05,8:30,23
1-Mar-05,8:45,13
1-Mar-05_duplicated_0,9:00,14
1-Mar-05,9:15,14
1-Mar-05_duplicated_0,9:30,28
1-Mar-05,9:45,20
1-Mar-05,10:00,17
1-Mar-05,10:15,27
1-Mar-05,10:30,15
1-Mar-05,10:45,31
1-Mar-05,11:00,29
1-Mar-05,11:15,25
1-Mar-05,11:30,33
1-Mar-05,11:45,40
1-Mar-05,12:00,36
1-Mar-05,12:15,49
1-Mar-05,12:30,43
1-Mar-05,12:45,47
1-Mar-05,13:00,43
1-Mar-05_duplicated_0,13:15,51
1-Mar-05,13:30,38
1-Mar-05,13:45,34
1-Mar-05,14:00,47
1-Mar-05_duplicated_0,14:15,45
1-Mar-05,14:30,35
1-Mar-05,14:45,34
1-Mar-05_duplicated_0,15:00,31
1-Mar-05_duplicated_0,15:15,37
1-Mar-05,15:30,32
1-Mar-05,15:45,32
1-Mar-05_duplicated_0,16:00,45
1-Mar-05_duplicated_0,16:15,28
1-Mar-05_duplicated_0,16:30,40
1-Mar-05_duplicated_0,16:45,27
1-Mar-05_duplicated_0,17:00,41
1-Mar-05,17:15,44
1-Mar-05,17:30,50
1-Mar-05,17:45,44
1-Mar-05_duplicated_0,18:00,50
1-Mar-05_duplicated_0,18:15,62
1-Mar-05,18:30,62
1-Mar-05_duplicated_0,18:45,69
1-Mar-05,19:00,98
1-Mar-05,19:15,82
1-Mar-05,19:30,66
1-Mar-05,19:45,60
1-Mar-05,20:00,79
1-Mar-05,20:15,60
1-Mar-05_duplicated_0,20:30,46
1-Mar-05,20:45,36
1-Mar-05_duplicated_0,21:00,27
1-Mar-05_duplicated_1,21:15,26
1-Mar-05,21:30,24
1-Mar-05,21:45,12
1-Mar-05,22:00,8
2-Mar-05,6:30_duplicated_0,4
2-Mar-05,6:45_duplicated_0,3
2-Mar-05,7:00_duplicated_0,2
2-Mar-05,7:15_duplicated_0,3
2-Mar-05_duplicated_0,7:30_duplicated_0,10
2-Mar-05,7:45_duplicated_0,13
2-Mar-05,8:00_duplicated_0,9
2-Mar-05,8:15_duplicated_0,16
2-Mar-05,8:30_duplicated_0,21
2-Mar-05,8:45_duplicated_0,20
2-Mar-05,9:00_duplicated_0,12
2-Mar-05,9:15_duplicated_0,19
2-Mar-05,9:30_duplicated_0,26
2-Mar-05,9:45_duplicated_0,18
2-Mar-05,10:00_duplicated_0,15
2-Mar-05,10:15_duplicated_0,18
2-Mar-05_duplicated_0,10:30_duplicated_0,33
2-Mar-05,10:45_duplicated_0,38
2-Mar-05,11:00_duplicated_0,32
2-Mar-05,11:15_duplicated_0,32
2-Mar-05_duplicated_0,11:30_duplicated_0,28
2-Mar-05,11:45_duplicated_0,24
2-Mar-05,12:00_duplicated_0,41
2-Mar-05,12:15_duplicated_0,35
2-Mar-05,12:30_duplicated_0,43
2-Mar-05,12:45_duplicated_0,41
2-Mar-05_duplicated_0,13:00_duplicated_0,40
2-Mar-05,13:15_duplicated_0,41
2-Mar-05_duplicated_1,13:30_duplicated_0,44
2-Mar-05,13:45_duplicated_0,50
2-Mar-05,14:00_duplicated_0,48
2-Mar-05,14:15_duplicated_0,56
2-Mar-05,14:30_duplicated_0,42
2-Mar-05,14:45_duplicated_0,36
2-Mar-05,15:00_duplicated_0,33
2-Mar-05_duplicated_0,15:15_duplicated_0,25
2-Mar-05,15:30_duplicated_0,30
2-Mar-05,15:45_duplicated_0,31
2-Mar-05,16:00_duplicated_0,30
2-Mar-05_duplicated_0,16:15_duplicated_0,20
2-Mar-05_duplicated_0,16:30_duplicated_0,33
2-Mar-05_duplicated_1,16:45_duplicated_0,27
2-Mar-05,17:00_duplicated_0,33
2-Mar-05_duplicated_2,17:15_duplicated_0,39
2-Mar-05,17:30_duplicated_0,42
2-Mar-05_duplicated_0,17:45_duplicated_0,50
2-Mar-05_duplicated_0,18:00_duplicated_0,54
2-Mar-05,18:15_duplicated_0,76
2-Mar-05,18:30_duplicated_0,84
2-Mar-05,18:45_duplicated_0,79
2-Mar-05,19:00_duplicated_0,75
2-Mar-05,19:15_duplicated_0,75
2-Mar-05_duplicated_0,19:30_duplicated_0,65
2-Mar-05,19:45_duplicated_0,71
2-Mar-05,20:00_duplicated_0,46
2-Mar-05,20:15_duplicated_0,43
2-Mar-05_duplicated_0,20:30_duplicated_0,41
2-Mar-05_duplicated_2,20:45_duplicated_0,30
2-Mar-05_duplicated_1,21:00_duplicated_0,31
2-Mar-05_duplicated_0,21:15_duplicated_0,31
2-Mar-05_duplicated_1,21:30_duplicated_0,29
2-Mar-05,21:45_duplicated_0,12
2-Mar-05_duplicated_0,22:00_duplicated_0,9
3-Mar-05,6:30_duplicated_1,2
3-Mar-05,6:45_duplicated_1,2
3-Mar-05_duplicated_0,7:00_duplicated_1,7
3-Mar-05,7:15_duplicated_1,4
3-Mar-05,7:30_duplicated_1,11
3-Mar-05,7:45_duplicated_1,6
3-Mar-05,8:00_duplicated_1,17
3-Mar-05,8:15_duplicated_1,15
3-Mar-05,8:30_duplicated_1,24
3-Mar-05,8:45_duplicated_1,11
3-Mar-05_duplicated_0,9:00_duplicated_1,15
3-Mar-05_duplicated_0,9:15_duplicated_1,18
3-Mar-05,9:30_duplicated_1,20
3-Mar-05,9:45_duplicated_1,19
3-Mar-05,10:00_duplicated_1,26
3-Mar-05,10:15_duplicated_1,25
3-Mar-05,10:30_duplicated_1,33
3-Mar-05,10:45_duplicated_1,18
3-Mar-05_duplicated_0,11:00_duplicated_1,23
3-Mar-05,11:15_duplicated_1,33
3-Mar-05_duplicated_0,11:30_duplicated_1,35
3-Mar-05,11:45_duplicated_1,39
3-Mar-05,12:00_duplicated_1,45
3-Mar-05,12:15_duplicated_1,36
3-Mar-05,12:30_duplicated_1,37
3-Mar-05,12:45_duplicated_1,49
3-Mar-05,13:00_duplicated_1,48
3-Mar-05,13:15_duplicated_1,45
3-Mar-05_duplicated_0,13:30_duplicated_1,45
3-Mar-05_duplicated_1,13:45_duplicated_1,48
3-Mar-05_duplicated_0,14:00_duplicated_1,54
3-Mar-05,14:15_duplicated_1,35
3-Mar-05_duplicated_0,14:30_duplicated_1,27
3-Mar-05,14:45_duplicated_1,30
3-Mar-05,15:00_duplicated_1,26
3-Mar-05_duplicated_0,15:15_duplicated_1,30
3-Mar-05_duplicated_0,15:30_duplicated_1,30
3-Mar-05_duplicated_1,15:45_duplicated_1,24
3-Mar-05_duplicated_0,16:00_duplicated_1,22
3-Mar-05,16:15_duplicated_1,19
3-Mar-05_duplicated_0,16:30_duplicated_1,27
3-Mar-05_duplicated_0,16:45_duplicated_1,24
3-Mar-05_duplicated_1,17:00_duplicated_1,33
3-Mar-05_duplicated_1,17:15_duplicated_1,39
3-Mar-05_duplicated_0,17:30_duplicated_1,30
3-Mar-05_duplicated_2,17:45_duplicated_1,48
3-Mar-05_duplicated_1,18:00_duplicated_1,45
3-Mar-05_duplicated_2,18:15_duplicated_1,77
3-Mar-05,18:30_duplicated_1,87
3-Mar-05,18:45_duplicated_1,87
3-Mar-05_duplicated_0,19:00_duplicated_1,61
3-Mar-05,19:15_duplicated_1,69
3-Mar-05,19:30_duplicated_1,81
3-Mar-05,19:45_duplicated_1,68
3-Mar-05,20:00_duplicated_1,54
3-Mar-05_duplicated_0,20:15_duplicated_1,38
3-Mar-05,20:30_duplicated_1,39
3-Mar-05_duplicated_1,20:45_duplicated_1,35
3-Mar-05_duplicated_1,21:00_duplicated_1,21
3-Mar-05,21:15_duplicated_1,28
3-Mar-05,21:30_duplicated_1,15
3-Mar-05_duplicated_1,21:45_duplicated_1,11
3-Mar-05_duplicated_1,22:00_duplicated_1,3
4-Mar-05,6:30_duplicated_2,2
4-Mar-05,6:45_duplicated_2,1
4-Mar-05,7:00_duplicated_2,3
4-Mar-05_duplicated_0,7:15_duplicated_2,5
4-Mar-05,7:30_duplicated_2,9
4-Mar-05,7:45_duplicated_2,7
4-Mar-05,8:00_duplicated_2,14
4-Mar-05,8:15_duplicated_2,8
4-Mar-05,8:30_duplicated_2,5
4-Mar-05_duplicated_0,8:45_duplicated_2,10
4-Mar-05,9:00_duplicated_2,12
4-Mar-05,9:15_duplicated_2,22
4-Mar-05,9:30_duplicated_2,15
4-Mar-05,9:45_duplicated_2,24
4-Mar-05,10:00_duplicated_2,16
4-Mar-05,10:15_duplicated_2,28
4-Mar-05,10:30_duplicated_2,20
4-Mar-05,10:45_duplicated_2,22
4-Mar-05_duplicated_0,11:00_duplicated_2,33
4-Mar-05,11:15_duplicated_2,32
4-Mar-05,11:30_duplicated_2,26
4-Mar-05,11:45_duplicated_2,33
4-Mar-05_duplicated_0,12:00_duplicated_2,34
4-Mar-05,12:15_duplicated_2,47
4-Mar-05,12:30_duplicated_2,35
4-Mar-05,12:45_duplicated_2,39
4-Mar-05,13:00_duplicated_2,37
4-Mar-05,13:15_duplicated_2,43
4-Mar-05,13:30_duplicated_2,50
4-Mar-05,13:45_duplicated_2,53
4-Mar-05,14:00_duplicated_2,45
4-Mar-05,14:15_duplicated_2,37
4-Mar-05_duplicated_0,14:30_duplicated_2,47
4-Mar-05_duplicated_0,14:45_duplicated_2,39
4-Mar-05_duplicated_0,15:00_duplicated_2,34
4-Mar-05_duplicated_0,15:15_duplicated_2,39
4-Mar-05_duplicated_1,15:30_duplicated_2,39
4-Mar-05_duplicated_2,15:45_duplicated_2,32
4-Mar-05_duplicated_0,16:00_duplicated_2,24
4-Mar-05_duplicated_0,16:15_duplicated_2,39
4-Mar-05_duplicated_3,16:30_duplicated_2,36
4-Mar-05,16:45_duplicated_2,41
4-Mar-05,17:00_duplicated_2,51
4-Mar-05,17:15_duplicated_2,57
4-Mar-05,17:30_duplicated_2,67
4-Mar-05,17:45_duplicated_2,49
4-Mar-05,18:00_duplicated_2,62
4-Mar-05,18:15_duplicated_2,51
4-Mar-05_duplicated_0,18:30_duplicated_2,50
4-Mar-05_duplicated_0,18:45_duplicated_2,57
4-Mar-05_duplicated_0,19:00_duplicated_2,54
4-Mar-05,19:15_duplicated_2,58
4-Mar-05,19:30_duplicated_2,47
4-Mar-05_duplicated_1,19:45_duplicated_2,38
4-Mar-05,20:00_duplicated_2,45
4-Mar-05_duplicated_0,20:15_duplicated_2,31
4-Mar-05,20:30_duplicated_2,41
4-Mar-05_duplicated_0,20:45_duplicated_2,30
4-Mar-05,21:00_duplicated_2,28
4-Mar-05_duplicated_0,21:15_duplicated_2,26
4-Mar-05_duplicated_0,21:30_duplicated_2,16
4-Mar-05_duplicated_0,21:45_duplicated_2,13
4-Mar-05,22:00_duplicated_2,5
5-Mar-05,6:30_duplicated_3,0
5-Mar-05,6:45_duplicated_3,1
5-Mar-05,7:00_duplicated_3,1
5-Mar-05_duplicated_0,7:15_duplicated_3,1
5-Mar-05_duplicated_1,7:30_duplicated_3,2
5-Mar-05,7:45_duplicated_3,1
5-Mar-05_duplicated_2,8:00_duplicated_3,4
5-Mar-05,8:15_duplicated_3,0
5-Mar-05_duplicated_0,8:30_duplicated_3,5
5-Mar-05_duplicated_0,8:45_duplicated_3,1
5-Mar-05_duplicated_3,9:00_duplicated_3,3
5-Mar-05,9:15_duplicated_3,2
5-Mar-05_duplicated_0,9:30_duplicated_3,3
5-Mar-05_duplicated_0,9:45_duplicated_3,2
5-Mar-05_duplicated_1,10:00_duplicated_3,5
5-Mar-05_duplicated_1,10:15_duplicated_3,3
5-Mar-05_duplicated_1,10:30_duplicated_3,3
5-Mar-05_duplicated_2,10:45_duplicated_3,6
5-Mar-05,11:00_duplicated_3,2
5-Mar-05_duplicated_2,11:15_duplicated_3,3
5-Mar-05_duplicated_3,11:30_duplicated_3,6
5-Mar-05_duplicated_0,11:45_duplicated_3,10
5-Mar-05,12:00_duplicated_3,8
5-Mar-05,12:15_duplicated_3,4
5-Mar-05_duplicated_0,12:30_duplicated_3,6
5-Mar-05_duplicated_1,12:45_duplicated_3,9
5-Mar-05,13:00_duplicated_3,9
5-Mar-05_duplicated_0,13:15_duplicated_3,14
5-Mar-05,13:30_duplicated_3,14
5-Mar-05_duplicated_0,13:45_duplicated_3,10
5-Mar-05_duplicated_0,14:00_duplicated_3,12
5-Mar-05,14:15_duplicated_3,5
5-Mar-05_duplicated_2,14:30_duplicated_3,9
5-Mar-05_duplicated_1,14:45_duplicated_3,8
5-Mar-05_duplicated_0,15:00_duplicated_3,11
5-Mar-05,15:15_duplicated_3,5
5-Mar-05_duplicated_3,15:30_duplicated_3,7
5-Mar-05,15:45_duplicated_3,3
5-Mar-05_duplicated_4,16:00_duplicated_3,7
5-Mar-05_duplicated_0,16:15_duplicated_3,6
5-Mar-05_duplicated_2,16:30_duplicated_3,2
5-Mar-05_duplicated_3,16:45_duplicated_3,2
5-Mar-05_duplicated_4,17:00_duplicated_3,1
5-Mar-05_duplicated_4,17:15_duplicated_3,3
5-Mar-05_duplicated_5,17:30_duplicated_3,2
5-Mar-05_duplicated_5,17:45_duplicated_3,9
5-Mar-05_duplicated_2,18:00_duplicated_3,4
5-Mar-05_duplicated_1,18:15_duplicated_3,1
5-Mar-05_duplicated_5,18:30_duplicated_3,3
5-Mar-05_duplicated_6,18:45_duplicated_3,2
5-Mar-05_duplicated_6,19:00_duplicated_3,3
5-Mar-05_duplicated_7,19:15_duplicated_3,2
5-Mar-05_duplicated_7,19:30_duplicated_3,3
5-Mar-05_duplicated_8,19:45_duplicated_3,2
5-Mar-05_duplicated_8,20:00_duplicated_3,3
5-Mar-05_duplicated_9,20:15_duplicated_3,0
5-Mar-05_duplicated_1,20:30_duplicated_3,1
5-Mar-05_duplicated_6,20:45_duplicated_3,2
5-Mar-05_duplicated_9,21:00_duplicated_3,4
5-Mar-05_duplicated_2,21:15_duplicated_3,0
5-Mar-05_duplicated_2,21:30_duplicated_3,4
5-Mar-05_duplicated_3,21:45_duplicated_3,0
5-Mar-05_duplicated_3,22:00_duplicated_3,0
6-Mar-05,6:30_duplicated_4,0
6-Mar-05_duplicated_0,6:45_duplicated_4,0
6-Mar-05_duplicated_1,7:00_duplicated_4,0
6-Mar-05_duplicated_2,7:15_duplicated_4,0
6-Mar-05_duplicated_3,7:30_duplicated_4,0
6-Mar-05_duplicated_4,7:45_duplicated_4,0
6-Mar-05_duplicated_5,8:00_duplicated_4,0
6-Mar-05_duplicated_6,8:15_duplicated_4,0
6-Mar-05_duplicated_7,8:30_duplicated_4,0
6-Mar-05_duplicated_8,8:45_duplicated_4,0
6-Mar-05_duplicated_9,9:00_duplicated_4,0
6-Mar-05_duplicated_10,9:15_duplicated_4,0
6-Mar-05_duplicated_11,9:30_duplicated_4,0
6-Mar-05_duplicated_12,9:45_duplicated_4,2
6-Mar-05,10:00_duplicated_4,0
6-Mar-05_duplicated_13,10:15_duplicated_4,1
6-Mar-05,10:30_duplicated_4,1
6-Mar-05_duplicated_0,10:45_duplicated_4,0
6-Mar-05_duplicated_14,11:00_duplicated_4,0
6-Mar-05_duplicated_15,11:15_duplicated_4,0
6-Mar-05_duplicated_16,11:30_duplicated_4,0
6-Mar-05_duplicated_17,11:45_duplicated_4,5
6-Mar-05,12:00_duplicated_4,1
6-Mar-05_duplicated_1,12:15_duplicated_4,1
6-Mar-05_duplicated_2,12:30_duplicated_4,1
6-Mar-05_duplicated_3,12:45_duplicated_4,2
6-Mar-05_duplicated_0,13:00_duplicated_4,1
6-Mar-05_duplicated_4,13:15_duplicated_4,1
6-Mar-05_duplicated_5,13:30_duplicated_4,0
6-Mar-05_duplicated_18,13:45_duplicated_4,3
6-Mar-05,14:00_duplicated_4,1
6-Mar-05_duplicated_6,14:15_duplicated_4,1
6-Mar-05_duplicated_7,14:30_duplicated_4,1
6-Mar-05_duplicated_8,14:45_duplicated_4,1
6-Mar-05_duplicated_9,15:00_duplicated_4,4
6-Mar-05,15:15_duplicated_4,0
6-Mar-05_duplicated_19,15:30_duplicated_4,2
6-Mar-05_duplicated_1,15:45_duplicated_4,2
6-Mar-05_duplicated_2,16:00_duplicated_4,2
6-Mar-05_duplicated_3,16:15_duplicated_4,2
6-Mar-05_duplicated_4,16:30_duplicated_4,4
6-Mar-05_duplicated_0,16:45_duplicated_4,0
6-Mar-05_duplicated_20,17:00_duplicated_4,0
6-Mar-05_duplicated_21,17:15_duplicated_4,1
6-Mar-05_duplicated_10,17:30_duplicated_4,1
6-Mar-05_duplicated_11,17:45_duplicated_4,1
6-Mar-05_duplicated_12,18:00_duplicated_4,2
6-Mar-05_duplicated_5,18:15_duplicated_4,0
6-Mar-05_duplicated_22,18:30_duplicated_4,5
6-Mar-05_duplicated_0,18:45_duplicated_4,2
6-Mar-05_duplicated_6,19:00_duplicated_4,3
6-Mar-05_duplicated_0,19:15_duplicated_4,3
6-Mar-05_duplicated_1,19:30_duplicated_4,4
6-Mar-05_duplicated_1,19:45_duplicated_4,1
6-Mar-05_duplicated_13,20:00_duplicated_4,3
6-Mar-05_duplicated_2,20:15_duplicated_4,4
6-Mar-05_duplicated_2,20:30_duplicated_4,0
6-Mar-05_duplicated_23,20:45_duplicated_4,0
6-Mar-05_duplicated_24,21:00_duplicated_4,0
6-Mar-05_duplicated_25,21:15_duplicated_4,4
6-Mar-05_duplicated_3,21:30_duplicated_4,1
6-Mar-05_duplicated_14,21:45_duplicated_4,0
6-Mar-05_duplicated_26,22:00_duplicated_4,0
7-Mar-05,6:30_duplicated_5,4
7-Mar-05,6:45_duplicated_5,2
7-Mar-05,7:00_duplicated_5,3
7-Mar-05,7:15_duplicated_5,7
7-Mar-05,7:30_duplicated_5,12
7-Mar-05,7:45_duplicated_5,18
7-Mar-05,8:00_duplicated_5,25
7-Mar-05,8:15_duplicated_5,16
7-Mar-05,8:30_duplicated_5,17
7-Mar-05,8:45_duplicated_5,18
7-Mar-05_duplicated_0,9:00_duplicated_5,20
7-Mar-05,9:15_duplicated_5,17
7-Mar-05_duplicated_0,9:30_duplicated_5,14
7-Mar-05,9:45_duplicated_5,16
7-Mar-05_duplicated_0,10:00_duplicated_5,19
7-Mar-05,10:15_duplicated_5,20
7-Mar-05_duplicated_0,10:30_duplicated_5,24
7-Mar-05,10:45_duplicated_5,37
7-Mar-05,11:00_duplicated_5,32
7-Mar-05,11:15_duplicated_5,37
7-Mar-05_duplicated_0,11:30_duplicated_5,31
7-Mar-05,11:45_duplicated_5,37
7-Mar-05_duplicated_1,12:00_duplicated_5,31
7-Mar-05_duplicated_0,12:15_duplicated_5,41
7-Mar-05,12:30_duplicated_5,46
7-Mar-05,12:45_duplicated_5,45
7-Mar-05,13:00_duplicated_5,54
7-Mar-05,13:15_duplicated_5,53
7-Mar-05,13:30_duplicated_5,75
7-Mar-05,13:45_duplicated_5,54
7-Mar-05_duplicated_0,14:00_duplicated_5,50
7-Mar-05,14:15_duplicated_5,70
7-Mar-05,14:30_duplicated_5,43
7-Mar-05,14:45_duplicated_5,35
7-Mar-05,15:00_duplicated_5,31
7-Mar-05_duplicated_1,15:15_duplicated_5,33
7-Mar-05,15:30_duplicated_5,45
7-Mar-05_duplicated_0,15:45_duplicated_5,32
7-Mar-05_duplicated_0,16:00_duplicated_5,37
7-Mar-05_duplicated_2,16:15_duplicated_5,44
7-Mar-05,16:30_duplicated_5,35
7-Mar-05_duplicated_0,16:45_duplicated_5,41
7-Mar-05_duplicated_0,17:00_duplicated_5,38
7-Mar-05,17:15_duplicated_5,52
7-Mar-05,17:30_duplicated_5,48
7-Mar-05,17:45_duplicated_5,59
7-Mar-05,18:00_duplicated_5,66
7-Mar-05,18:15_duplicated_5,100
7-Mar-05,18:30_duplicated_5,115
7-Mar-05,18:45_duplicated_5,136
7-Mar-05,19:00_duplicated_5,100
7-Mar-05_duplicated_0,19:15_duplicated_5,90
7-Mar-05,19:30_duplicated_5,71
7-Mar-05,19:45_duplicated_5,70
7-Mar-05_duplicated_0,20:00_duplicated_5,69
7-Mar-05,20:15_duplicated_5,55
7-Mar-05,20:30_duplicated_5,50
7-Mar-05_duplicated_0,20:45_duplicated_5,42
7-Mar-05,21:00_duplicated_5,20
7-Mar-05_duplicated_1,21:15_duplicated_5,22
7-Mar-05,21:30_duplicated_5,18
7-Mar-05_duplicated_1,21:45_duplicated_5,14
7-Mar-05_duplicated_0,22:00_duplicated_5,7
8-Mar-05,6:30_duplicated_6,5
8-Mar-05,6:45_duplicated_6,3
8-Mar-05,7:00_duplicated_6,1
8-Mar-05,7:15_duplicated_6,8
8-Mar-05,7:30_duplicated_6,6
8-Mar-05,7:45_duplicated_6,11
8-Mar-05,8:00_duplicated_6,18
8-Mar-05,8:15_duplicated_6,6
8-Mar-05_duplicated_0,8:30_duplicated_6,12
8-Mar-05,8:45_duplicated_6,20
8-Mar-05,9:00_duplicated_6,20
8-Mar-05_duplicated_0,9:15_duplicated_6,27
8-Mar-05,9:30_duplicated_6,22
8-Mar-05,9:45_duplicated_6,22
8-Mar-05_duplicated_0,10:00_duplicated_6,32
8-Mar-05,10:15_duplicated_6,26
8-Mar-05,10:30_duplicated_6,18
8-Mar-05_duplicated_0,10:45_duplicated_6,23
8-Mar-05,11:00_duplicated_6,29
8-Mar-05,11:15_duplicated_6,41
8-Mar-05,11:30_duplicated_6,31
8-Mar-05,11:45_duplicated_6,43
8-Mar-05,12:00_duplicated_6,45
8-Mar-05,12:15_duplicated_6,52
8-Mar-05,12:30_duplicated_6,42
8-Mar-05,12:45_duplicated_6,48
8-Mar-05,13:00_duplicated_6,45
8-Mar-05_duplicated_0,13:15_duplicated_6,65
8-Mar-05,13:30_duplicated_6,51
8-Mar-05,13:45_duplicated_6,48
8-Mar-05_duplicated_0,14:00_duplicated_6,43
8-Mar-05_duplicated_0,14:15_duplicated_6,36
8-Mar-05,14:30_duplicated_6,32
8-Mar-05_duplicated_0,14:45_duplicated_6,40
8-Mar-05,15:00_duplicated_6,36
8-Mar-05_duplicated_0,15:15_duplicated_6,45
8-Mar-05_duplicated_1,15:30_duplicated_6,32
8-Mar-05_duplicated_1,15:45_duplicated_6,30
8-Mar-05,16:00_duplicated_6,42
8-Mar-05_duplicated_0,16:15_duplicated_6,24
8-Mar-05,16:30_duplicated_6,35
8-Mar-05,16:45_duplicated_6,25
8-Mar-05,17:00_duplicated_6,39
8-Mar-05,17:15_duplicated_6,35
8-Mar-05_duplicated_0,17:30_duplicated_6,41
8-Mar-05_duplicated_0,17:45_duplicated_6,53
8-Mar-05,18:00_duplicated_6,63
8-Mar-05,18:15_duplicated_6,89
8-Mar-05,18:30_duplicated_6,98
8-Mar-05,18:45_duplicated_6,91
8-Mar-05,19:00_duplicated_6,77
8-Mar-05,19:15_duplicated_6,80
8-Mar-05,19:30_duplicated_6,64
8-Mar-05,19:45_duplicated_6,67
8-Mar-05,20:00_duplicated_6,40
8-Mar-05_duplicated_0,20:15_duplicated_6,55
8-Mar-05,20:30_duplicated_6,48
8-Mar-05_duplicated_1,20:45_duplicated_6,33
8-Mar-05,21:00_duplicated_6,31
8-Mar-05_duplicated_0,21:15_duplicated_6,27
8-Mar-05_duplicated_0,21:30_duplicated_6,19
8-Mar-05,21:45_duplicated_6,15
8-Mar-05,22:00_duplicated_6,4
9-Mar-05,6:30_duplicated_7,1
9-Mar-05,6:45_duplicated_7,1
9-Mar-05_duplicated_0,7:00_duplicated_7,2
9-Mar-05,7:15_duplicated_7,4
9-Mar-05_duplicated_0,7:30_duplicated_7,12
9-Mar-05,7:45_duplicated_7,15
9-Mar-05,8:00_duplicated_7,11
9-Mar-05,8:15_duplicated_7,20
9-Mar-05,8:30_duplicated_7,15
9-Mar-05_duplicated_0,8:45_duplicated_7,15
9-Mar-05_duplicated_1,9:00_duplicated_7,17
9-Mar-05,9:15_duplicated_7,21
9-Mar-05,9:30_duplicated_7,14
9-Mar-05,9:45_duplicated_7,14
9-Mar-05_duplicated_0,10:00_duplicated_7,20
9-Mar-05_duplicated_0,10:15_duplicated_7,20
9-Mar-05_duplicated_1,10:30_duplicated_7,29
9-Mar-05,10:45_duplicated_7,22
9-Mar-05,11:00_duplicated_7,29
9-Mar-05_duplicated_0,11:15_duplicated_7,19
9-Mar-05,11:30_duplicated_7,30
9-Mar-05,11:45_duplicated_7,24
9-Mar-05,12:00_duplicated_7,42
9-Mar-05,12:15_duplicated_7,37
9-Mar-05,12:30_duplicated_7,31
9-Mar-05,12:45_duplicated_7,48
9-Mar-05,13:00_duplicated_7,44
9-Mar-05,13:15_duplicated_7,37
9-Mar-05_duplicated_0,13:30_duplicated_7,38
9-Mar-05,13:45_duplicated_7,56
9-Mar-05,14:00_duplicated_7,42
9-Mar-05_duplicated_0,14:15_duplicated_7,50
9-Mar-05,14:30_duplicated_7,45
9-Mar-05,14:45_duplicated_7,32
9-Mar-05,15:00_duplicated_7,50
9-Mar-05_duplicated_0,15:15_duplicated_7,36
9-Mar-05,15:30_duplicated_7,39
9-Mar-05,15:45_duplicated_7,26
9-Mar-05,16:00_duplicated_7,22
9-Mar-05_duplicated_0,16:15_duplicated_7,31
9-Mar-05_duplicated_0,16:30_duplicated_7,34
9-Mar-05,16:45_duplicated_7,25
9-Mar-05,17:00_duplicated_7,34
9-Mar-05_duplicated_0,17:15_duplicated_7,35
9-Mar-05,17:30_duplicated_7,38
9-Mar-05_duplicated_0,17:45_duplicated_7,55
9-Mar-05,18:00_duplicated_7,66
9-Mar-05,18:15_duplicated_7,74
9-Mar-05,18:30_duplicated_7,76
9-Mar-05,18:45_duplicated_7,93
9-Mar-05,19:00_duplicated_7,95
9-Mar-05,19:15_duplicated_7,63
9-Mar-05,19:30_duplicated_7,54
9-Mar-05,19:45_duplicated_7,59
9-Mar-05,20:00_duplicated_7,57
9-Mar-05,20:15_duplicated_7,60
9-Mar-05,20:30_duplicated_7,45
9-Mar-05_duplicated_0,20:45_duplicated_7,40
9-Mar-05,21:00_duplicated_7,27
9-Mar-05,21:15_duplicated_7,28
9-Mar-05,21:30_duplicated_7,19
9-Mar-05_duplicated_0,21:45_duplicated_7,11
9-Mar-05_duplicated_0,22:00_duplicated_7,6
10-Mar-05,6:30_duplicated_8,0
10-Mar-05,6:45_duplicated_8,2
10-Mar-05,7:00_duplicated_8,2
10-Mar-05_duplicated_0,7:15_duplicated_8,8
10-Mar-05,7:30_duplicated_8,7
10-Mar-05,7:45_duplicated_8,9
10-Mar-05,8:00_duplicated_8,13
10-Mar-05,8:15_duplicated_8,14
10-Mar-05,8:30_duplicated_8,15
10-Mar-05,8:45_duplicated_8,18
10-Mar-05,9:00_duplicated_8,10
10-Mar-05,9:15_duplicated_8,26
10-Mar-05,9:30_duplicated_8,15
10-Mar-05_duplicated_0,9:45_duplicated_8,17
10-Mar-05,10:00_duplicated_8,13
10-Mar-05_duplicated_0,10:15_duplicated_8,18
10-Mar-05_duplicated_0,10:30_duplicated_8,22
10-Mar-05,10:45_duplicated_8,35
10-Mar-05,11:00_duplicated_8,37
10-Mar-05,11:15_duplicated_8,30
10-Mar-05,11:30_duplicated_8,29
10-Mar-05,11:45_duplicated_8,36
10-Mar-05,12:00_duplicated_8,40
10-Mar-05,12:15_duplicated_8,31
10-Mar-05,12:30_duplicated_8,34
10-Mar-05,12:45_duplicated_8,49
10-Mar-05,13:00_duplicated_8,51
10-Mar-05,13:15_duplicated_8,47
10-Mar-05,13:30_duplicated_8,41
10-Mar-05,13:45_duplicated_8,53
10-Mar-05,14:00_duplicated_8,48
10-Mar-05,14:15_duplicated_8,55
10-Mar-05,14:30_duplicated_8,31
10-Mar-05_duplicated_0,14:45_duplicated_8,35
10-Mar-05_duplicated_0,15:00_duplicated_8,31
10-Mar-05_duplicated_1,15:15_duplicated_8,33
10-Mar-05,15:30_duplicated_8,27
10-Mar-05,15:45_duplicated_8,39
10-Mar-05,16:00_duplicated_8,28
10-Mar-05,16:15_duplicated_8,30
10-Mar-05_duplicated_0,16:30_duplicated_8,35
10-Mar-05_duplicated_1,16:45_duplicated_8,30
10-Mar-05_duplicated_1,17:00_duplicated_8,32
10-Mar-05,17:15_duplicated_8,31
10-Mar-05_duplicated_2,17:30_duplicated_8,44
10-Mar-05,17:45_duplicated_8,48
10-Mar-05_duplicated_0,18:00_duplicated_8,57
10-Mar-05,18:15_duplicated_8,74
10-Mar-05,18:30_duplicated_8,77
10-Mar-05,18:45_duplicated_8,89
10-Mar-05,19:00_duplicated_8,69
10-Mar-05,19:15_duplicated_8,83
10-Mar-05,19:30_duplicated_8,44
10-Mar-05_duplicated_0,19:45_duplicated_8,59
10-Mar-05,20:00_duplicated_8,46
10-Mar-05,20:15_duplicated_8,39
10-Mar-05_duplicated_0,20:30_duplicated_8,36
10-Mar-05_duplicated_0,20:45_duplicated_8,33
10-Mar-05_duplicated_0,21:00_duplicated_8,39
10-Mar-05_duplicated_1,21:15_duplicated_8,35
10-Mar-05_duplicated_2,21:30_duplicated_8,18
10-Mar-05_duplicated_1,21:45_duplicated_8,10
10-Mar-05_duplicated_0,22:00_duplicated_8,4
11-Mar-05,6:30_duplicated_9,2
11-Mar-05,6:45_duplicated_9,1
11-Mar-05,7:00_duplicated_9,3
11-Mar-05,7:15_duplicated_9,3
11-Mar-05_duplicated_0,7:30_duplicated_9,12
11-Mar-05,7:45_duplicated_9,12
11-Mar-05_duplicated_0,8:00_duplicated_9,15
11-Mar-05,8:15_duplicated_9,14
11-Mar-05,8:30_duplicated_9,12
11-Mar-05_duplicated_1,8:45_duplicated_9,15
11-Mar-05_duplicated_0,9:00_duplicated_9,15
11-Mar-05_duplicated_1,9:15_duplicated_9,23
11-Mar-05,9:30_duplicated_9,27
11-Mar-05,9:45_duplicated_9,21
11-Mar-05,10:00_duplicated_9,21
11-Mar-05_duplicated_0,10:15_duplicated_9,21
11-Mar-05_duplicated_1,10:30_duplicated_9,21
11-Mar-05_duplicated_2,10:45_duplicated_9,24
11-Mar-05,11:00_duplicated_9,26
11-Mar-05,11:15_duplicated_9,30
11-Mar-05,11:30_duplicated_9,37
11-Mar-05,11:45_duplicated_9,30
11-Mar-05_duplicated_0,12:00_duplicated_9,38
11-Mar-05,12:15_duplicated_9,44
11-Mar-05,12:30_duplicated_9,55
11-Mar-05,12:45_duplicated_9,52
11-Mar-05,13:00_duplicated_9,38
11-Mar-05_duplicated_0,13:15_duplicated_9,42
11-Mar-05,13:30_duplicated_9,42
11-Mar-05_duplicated_0,13:45_duplicated_9,53
11-Mar-05,14:00_duplicated_9,40
11-Mar-05,14:15_duplicated_9,55
11-Mar-05_duplicated_0,14:30_duplicated_9,35
11-Mar-05,14:45_duplicated_9,40
11-Mar-05_duplicated_0,15:00_duplicated_9,31
11-Mar-05,15:15_duplicated_9,44
11-Mar-05_duplicated_0,15:30_duplicated_9,22
11-Mar-05,15:45_duplicated_9,34
11-Mar-05,16:00_duplicated_9,36
11-Mar-05,16:15_duplicated_9,38
11-Mar-05_duplicated_1,16:30_duplicated_9,34
11-Mar-05_duplicated_0,16:45_duplicated_9,47
11-Mar-05,17:00_duplicated_9,47
11-Mar-05_duplicated_0,17:15_duplicated_9,67
11-Mar-05,17:30_duplicated_9,45
11-Mar-05,17:45_duplicated_9,47
11-Mar-05_duplicated_1,18:00_duplicated_9,56
11-Mar-05,18:15_duplicated_9,66
11-Mar-05,18:30_duplicated_9,48
11-Mar-05,18:45_duplicated_9,55
11-Mar-05_duplicated_1,19:00_duplicated_9,52
11-Mar-05_duplicated_0,19:15_duplicated_9,51
11-Mar-05,19:30_duplicated_9,39
11-Mar-05,19:45_duplicated_9,47
11-Mar-05_duplicated_2,20:00_duplicated_9,38
11-Mar-05_duplicated_2,20:15_duplicated_9,26
11-Mar-05_duplicated_0,20:30_duplicated_9,28
11-Mar-05,20:45_duplicated_9,27
11-Mar-05_duplicated_0,21:00_duplicated_9,24
11-Mar-05_duplicated_0,21:15_duplicated_9,16
11-Mar-05,21:30_duplicated_9,10
11-Mar-05,21:45_duplicated_9,7
11-Mar-05,22:00_duplicated_9,4
12-Mar-05,6:30_duplicated_10,2
12-Mar-05,6:45_duplicated_10,1
12-Mar-05,7:00_duplicated_10,3
12-Mar-05,7:15_duplicated_10,0
12-Mar-05,7:30_duplicated_10,1
12-Mar-05_duplicated_0,7:45_duplicated_10,3
12-Mar-05_duplicated_0,8:00_duplicated_10,3
12-Mar-05_duplicated_1,8:15_duplicated_10,1
12-Mar-05_duplicated_1,8:30_duplicated_10,4
12-Mar-05_duplicated_0,8:45_duplicated_10,1
12-Mar-05_duplicated_2,9:00_duplicated_10,3
12-Mar-05_duplicated_2,9:15_duplicated_10,5
12-Mar-05,9:30_duplicated_10,3
12-Mar-05_duplicated_3,9:45_duplicated_10,5
12-Mar-05_duplicated_0,10:00_duplicated_10,1
12-Mar-05_duplicated_3,10:15_duplicated_10,4
12-Mar-05_duplicated_1,10:30_duplicated_10,3
12-Mar-05_duplicated_4,10:45_duplicated_10,6
12-Mar-05,11:00_duplicated_10,4
12-Mar-05_duplicated_2,11:15_duplicated_10,2
12-Mar-05_duplicated_0,11:30_duplicated_10,6
12-Mar-05_duplicated_0,11:45_duplicated_10,6
12-Mar-05_duplicated_1,12:00_duplicated_10,2
12-Mar-05_duplicated_1,12:15_duplicated_10,9
12-Mar-05,12:30_duplicated_10,7
12-Mar-05,12:45_duplicated_10,14
12-Mar-05,13:00_duplicated_10,10
12-Mar-05,13:15_duplicated_10,6
12-Mar-05_duplicated_2,13:30_duplicated_10,12
12-Mar-05,13:45_duplicated_10,9
12-Mar-05_duplicated_0,14:00_duplicated_10,9
12-Mar-05_duplicated_1,14:15_duplicated_10,9
12-Mar-05_duplicated_2,14:30_duplicated_10,5
12-Mar-05_duplicated_1,14:45_duplicated_10,5
12-Mar-05_duplicated_2,15:00_duplicated_10,7
12-Mar-05_duplicated_0,15:15_duplicated_10,10
12-Mar-05_duplicated_0,15:30_duplicated_10,5
12-Mar-05_duplicated_3,15:45_duplicated_10,5
12-Mar-05_duplicated_4,16:00_duplicated_10,4
12-Mar-05_duplicated_3,16:15_duplicated_10,3
12-Mar-05_duplicated_5,16:30_duplicated_10,1
12-Mar-05_duplicated_4,16:45_duplicated_10,3
12-Mar-05_duplicated_6,17:00_duplicated_10,6
12-Mar-05_duplicated_3,17:15_duplicated_10,2
12-Mar-05_duplicated_2,17:30_duplicated_10,6
12-Mar-05_duplicated_4,17:45_duplicated_10,1
12-Mar-05_duplicated_5,18:00_duplicated_10,5
12-Mar-05_duplicated_5,18:15_duplicated_10,9
12-Mar-05_duplicated_3,18:30_duplicated_10,2
12-Mar-05_duplicated_3,18:45_duplicated_10,3
12-Mar-05_duplicated_7,19:00_duplicated_10,1
12-Mar-05_duplicated_6,19:15_duplicated_10,3
12-Mar-05_duplicated_8,19:30_duplicated_10,1
12-Mar-05_duplicated_7,19:45_duplicated_10,2
12-Mar-05_duplicated_4,20:00_duplicated_10,0
12-Mar-05_duplicated_0,20:15_duplicated_10,3
12-Mar-05_duplicated_9,20:30_duplicated_10,2
12-Mar-05_duplicated_5,20:45_duplicated_10,2
12-Mar-05_duplicated_6,21:00_duplicated_10,1
12-Mar-05_duplicated_8,21:15_duplicated_10,2
12-Mar-05_duplicated_7,21:30_duplicated_10,1
12-Mar-05_duplicated_9,21:45_duplicated_10,0
12-Mar-05_duplicated_1,22:00_duplicated_10,0
13-Mar-05,6:30_duplicated_11,0
13-Mar-05_duplicated_0,6:45_duplicated_11,0
13-Mar-05_duplicated_1,7:00_duplicated_11,0
13-Mar-05_duplicated_2,7:15_duplicated_11,0
13-Mar-05_duplicated_3,7:30_duplicated_11,0
13-Mar-05_duplicated_4,7:45_duplicated_11,0
13-Mar-05_duplicated_5,8:00_duplicated_11,0
13-Mar-05_duplicated_6,8:15_duplicated_11,1
13-Mar-05,8:30_duplicated_11,0
13-Mar-05_duplicated_7,8:45_duplicated_11,0
13-Mar-05_duplicated_8,9:00_duplicated_11,0
13-Mar-05_duplicated_9,9:15_duplicated_11,1
13-Mar-05_duplicated_0,9:30_duplicated_11,0
13-Mar-05_duplicated_10,9:45_duplicated_11,0
13-Mar-05_duplicated_11,10:00_duplicated_11,2
13-Mar-05,10:15_duplicated_11,0
13-Mar-05_duplicated_12,10:30_duplicated_11,0
13-Mar-05_duplicated_13,10:45_duplicated_11,1
13-Mar-05_duplicated_1,11:00_duplicated_11,2
13-Mar-05_duplicated_0,11:15_duplicated_11,0
13-Mar-05_duplicated_14,11:30_duplicated_11,1
13-Mar-05_duplicated_2,11:45_duplicated_11,1
13-Mar-05_duplicated_3,12:00_duplicated_11,2
13-Mar-05_duplicated_1,12:15_duplicated_11,1
13-Mar-05_duplicated_4,12:30_duplicated_11,2
13-Mar-05_duplicated_2,12:45_duplicated_11,2
13-Mar-05_duplicated_3,13:00_duplicated_11,3
13-Mar-05,13:15_duplicated_11,3
13-Mar-05_duplicated_0,13:30_duplicated_11,0
13-Mar-05_duplicated_15,13:45_duplicated_11,2
13-Mar-05_duplicated_4,14:00_duplicated_11,2
13-Mar-05_duplicated_5,14:15_duplicated_11,2
13-Mar-05_duplicated_6,14:30_duplicated_11,0
13-Mar-05_duplicated_16,14:45_duplicated_11,2
13-Mar-05_duplicated_7,15:00_duplicated_11,4
13-Mar-05,15:15_duplicated_11,1
13-Mar-05_duplicated_5,15:30_duplicated_11,0
13-Mar-05_duplicated_17,15:45_duplicated_11,0
13-Mar-05_duplicated_18,16:00_duplicated_11,3
13-Mar-05_duplicated_1,16:15_duplicated_11,1
13-Mar-05_duplicated_6,16:30_duplicated_11,1
13-Mar-05_duplicated_7,16:45_duplicated_11,1
13-Mar-05_duplicated_8,17:00_duplicated_11,4
13-Mar-05_duplicated_0,17:15_duplicated_11,3
13-Mar-05_duplicated_2,17:30_duplicated_11,1
13-Mar-05_duplicated_9,17:45_duplicated_11,1
13-Mar-05_duplicated_10,18:00_duplicated_11,0
13-Mar-05_duplicated_19,18:15_duplicated_11,2
13-Mar-05_duplicated_8,18:30_duplicated_11,0
13-Mar-05_duplicated_20,18:45_duplicated_11,0
13-Mar-05_duplicated_21,19:00_duplicated_11,1
13-Mar-05_duplicated_11,19:15_duplicated_11,2
13-Mar-05_duplicated_9,19:30_duplicated_11,4
13-Mar-05_duplicated_1,19:45_duplicated_11,0
13-Mar-05_duplicated_22,20:00_duplicated_11,1
13-Mar-05_duplicated_12,20:15_duplicated_11,3
13-Mar-05_duplicated_3,20:30_duplicated_11,1
13-Mar-05_duplicated_13,20:45_duplicated_11,1
13-Mar-05_duplicated_14,21:00_duplicated_11,1
13-Mar-05_duplicated_15,21:15_duplicated_11,1
13-Mar-05_duplicated_16,21:30_duplicated_11,0
13-Mar-05_duplicated_23,21:45_duplicated_11,0
13-Mar-05_duplicated_24,22:00_duplicated_11,0
14-Mar-05,6:30_duplicated_12,2
14-Mar-05,6:45_duplicated_12,3
14-Mar-05,7:00_duplicated_12,8
14-Mar-05,7:15_duplicated_12,7
14-Mar-05,7:30_duplicated_12,11
14-Mar-05,7:45_duplicated_12,17
14-Mar-05,8:00_duplicated_12,26
14-Mar-05,8:15_duplicated_12,20
14-Mar-05,8:30_duplicated_12,19
14-Mar-05,8:45_duplicated_12,17
14-Mar-05_duplicated_0,9:00_duplicated_12,22
14-Mar-05,9:15_duplicated_12,24
14-Mar-05,9:30_duplicated_12,27
14-Mar-05,9:45_duplicated_12,26
14-Mar-05_duplicated_0,10:00_duplicated_12,24
14-Mar-05_duplicated_0,10:15_duplicated_12,28
14-Mar-05,10:30_duplicated_12,32
14-Mar-05,10:45_duplicated_12,29
14-Mar-05,11:00_duplicated_12,27
14-Mar-05_duplicated_0,11:15_duplicated_12,36
14-Mar-05,11:30_duplicated_12,30
14-Mar-05,11:45_duplicated_12,35
14-Mar-05,12:00_duplicated_12,49
14-Mar-05,12:15_duplicated_12,38
14-Mar-05,12:30_duplicated_12,50
14-Mar-05,12:45_duplicated_12,49
14-Mar-05_duplicated_0,13:00_duplicated_12,57
14-Mar-05,13:15_duplicated_12,45
14-Mar-05,13:30_duplicated_12,59
14-Mar-05,13:45_duplicated_12,51
14-Mar-05,14:00_duplicated_12,40
14-Mar-05,14:15_duplicated_12,52
14-Mar-05,14:30_duplicated_12,53
14-Mar-05,14:45_duplicated_12,42
14-Mar-05,15:00_duplicated_12,38
14-Mar-05_duplicated_0,15:15_duplicated_12,37
14-Mar-05,15:30_duplicated_12,34
14-Mar-05,15:45_duplicated_12,47
14-Mar-05,16:00_duplicated_12,26
14-Mar-05_duplicated_1,16:15_duplicated_12,35
14-Mar-05_duplicated_0,16:30_duplicated_12,26
14-Mar-05_duplicated_2,16:45_duplicated_12,39
14-Mar-05,17:00_duplicated_12,30
14-Mar-05_duplicated_0,17:15_duplicated_12,47
14-Mar-05_duplicated_0,17:30_duplicated_12,55
14-Mar-05,17:45_duplicated_12,70
14-Mar-05,18:00_duplicated_12,62
14-Mar-05,18:15_duplicated_12,113
14-Mar-05,18:30_duplicated_12,108
14-Mar-05,18:45_duplicated_12,116
14-Mar-05,19:00_duplicated_12,98
14-Mar-05,19:15_duplicated_12,91
14-Mar-05,19:30_duplicated_12,77
14-Mar-05,19:45_duplicated_12,62
14-Mar-05_duplicated_0,20:00_duplicated_12,56
14-Mar-05,20:15_duplicated_12,54
14-Mar-05,20:30_duplicated_12,42
14-Mar-05_duplicated_0,20:45_duplicated_12,23
14-Mar-05,21:00_duplicated_12,23
14-Mar-05_duplicated_0,21:15_duplicated_12,28
14-Mar-05_duplicated_0,21:30_duplicated_12,13
14-Mar-05,21:45_duplicated_12,7
14-Mar-05_duplicated_0,22:00_duplicated_12,7
15-Mar-05,6:30_duplicated_13,0
15-Mar-05,6:45_duplicated_13,2
15-Mar-05,7:00_duplicated_13,4
15-Mar-05,7:15_duplicated_13,7
15-Mar-05_duplicated_0,7:30_duplicated_13,13
15-Mar-05,7:45_duplicated_13,11
15-Mar-05,8:00_duplicated_13,18
15-Mar-05,8:15_duplicated_13,21
15-Mar-05,8:30_duplicated_13,19
15-Mar-05,8:45_duplicated_13,12
15-Mar-05,9:00_duplicated_13,12
15-Mar-05_duplicated_0,9:15_duplicated_13,19
15-Mar-05_duplicated_0,9:30_duplicated_13,27
15-Mar-05,9:45_duplicated_13,18
15-Mar-05_duplicated_0,10:00_duplicated_13,20
15-Mar-05,10:15_duplicated_13,24
15-Mar-05,10:30_duplicated_13,29
15-Mar-05,10:45_duplicated_13,25
15-Mar-05,11:00_duplicated_13,38
15-Mar-05,11:15_duplicated_13,43
15-Mar-05,11:30_duplicated_13,49
15-Mar-05,11:45_duplicated_13,33
15-Mar-05,12:00_duplicated_13,42
15-Mar-05,12:15_duplicated_13,39
15-Mar-05,12:30_duplicated_13,45
15-Mar-05,12:45_duplicated_13,46
15-Mar-05,13:00_duplicated_13,54
15-Mar-05,13:15_duplicated_13,64
15-Mar-05,13:30_duplicated_13,57
15-Mar-05,13:45_duplicated_13,64
15-Mar-05_duplicated_0,14:00_duplicated_13,36
15-Mar-05,14:15_duplicated_13,42
15-Mar-05_duplicated_0,14:30_duplicated_13,44
15-Mar-05,14:45_duplicated_13,33
15-Mar-05_duplicated_0,15:00_duplicated_13,45
15-Mar-05_duplicated_0,15:15_duplicated_13,27
15-Mar-05_duplicated_0,15:30_duplicated_13,35
15-Mar-05,15:45_duplicated_13,40
15-Mar-05,16:00_duplicated_13,39
15-Mar-05_duplicated_0,16:15_duplicated_13,38
15-Mar-05_duplicated_0,16:30_duplicated_13,29
15-Mar-05_duplicated_0,16:45_duplicated_13,35
15-Mar-05_duplicated_0,17:00_duplicated_13,34
15-Mar-05,17:15_duplicated_13,39
15-Mar-05_duplicated_1,17:30_duplicated_13,41
15-Mar-05,17:45_duplicated_13,58
15-Mar-05,18:00_duplicated_13,66
15-Mar-05,18:15_duplicated_13,92
15-Mar-05,18:30_duplicated_13,115
15-Mar-05,18:45_duplicated_13,110
15-Mar-05,19:00_duplicated_13,95
15-Mar-05,19:15_duplicated_13,83
15-Mar-05,19:30_duplicated_13,88
15-Mar-05,19:45_duplicated_13,43
15-Mar-05_duplicated_0,20:00_duplicated_13,50
15-Mar-05,20:15_duplicated_13,47
15-Mar-05,20:30_duplicated_13,50
15-Mar-05_duplicated_0,20:45_duplicated_13,40
15-Mar-05_duplicated_0,21:00_duplicated_13,34
15-Mar-05_duplicated_0,21:15_duplicated_13,23
15-Mar-05,21:30_duplicated_13,19
15-Mar-05_duplicated_1,21:45_duplicated_13,12
15-Mar-05_duplicated_1,22:00_duplicated_13,9
16-Mar-05,6:30_duplicated_14,1
16-Mar-05,6:45_duplicated_14,6
16-Mar-05,7:00_duplicated_14,1
16-Mar-05_duplicated_0,7:15_duplicated_14,6
16-Mar-05_duplicated_0,7:30_duplicated_14,12
16-Mar-05,7:45_duplicated_14,11
16-Mar-05,8:00_duplicated_14,14
16-Mar-05,8:15_duplicated_14,18
16-Mar-05,8:30_duplicated_14,14
16-Mar-05_duplicated_0,8:45_duplicated_14,13
16-Mar-05,9:00_duplicated_14,16
16-Mar-05,9:15_duplicated_14,30
16-Mar-05,9:30_duplicated_14,21
16-Mar-05,9:45_duplicated_14,20
16-Mar-05,10:00_duplicated_14,16
16-Mar-05_duplicated_0,10:15_duplicated_14,30
16-Mar-05_duplicated_0,10:30_duplicated_14,19
16-Mar-05,10:45_duplicated_14,30
16-Mar-05_duplicated_1,11:00_duplicated_14,29
16-Mar-05,11:15_duplicated_14,38
16-Mar-05,11:30_duplicated_14,23
16-Mar-05,11:45_duplicated_14,33
16-Mar-05,12:00_duplicated_14,23
16-Mar-05_duplicated_0,12:15_duplicated_14,40
16-Mar-05,12:30_duplicated_14,37
16-Mar-05,12:45_duplicated_14,36
16-Mar-05,13:00_duplicated_14,46
16-Mar-05,13:15_duplicated_14,40
16-Mar-05_duplicated_0,13:30_duplicated_14,34
16-Mar-05,13:45_duplicated_14,54
16-Mar-05,14:00_duplicated_14,28
16-Mar-05,14:15_duplicated_14,42
16-Mar-05,14:30_duplicated_14,48
16-Mar-05,14:45_duplicated_14,49
16-Mar-05,15:00_duplicated_14,36
16-Mar-05_duplicated_0,15:15_duplicated_14,40
16-Mar-05_duplicated_1,15:30_duplicated_14,31
16-Mar-05,15:45_duplicated_14,28
16-Mar-05_duplicated_0,16:00_duplicated_14,34
16-Mar-05_duplicated_0,16:15_duplicated_14,24
16-Mar-05,16:30_duplicated_14,26
16-Mar-05,16:45_duplicated_14,30
16-Mar-05_duplicated_2,17:00_duplicated_14,30
16-Mar-05_duplicated_3,17:15_duplicated_14,29
16-Mar-05_duplicated_0,17:30_duplicated_14,47
16-Mar-05,17:45_duplicated_14,47
16-Mar-05_duplicated_0,18:00_duplicated_14,62
16-Mar-05,18:15_duplicated_14,83
16-Mar-05,18:30_duplicated_14,122
16-Mar-05,18:45_duplicated_14,83
16-Mar-05_duplicated_0,19:00_duplicated_14,86
16-Mar-05,19:15_duplicated_14,71
16-Mar-05,19:30_duplicated_14,66
16-Mar-05,19:45_duplicated_14,65
16-Mar-05,20:00_duplicated_14,57
16-Mar-05,20:15_duplicated_14,61
16-Mar-05,20:30_duplicated_14,42
16-Mar-05_duplicated_0,20:45_duplicated_14,38
16-Mar-05_duplicated_0,21:00_duplicated_14,23
16-Mar-05_duplicated_1,21:15_duplicated_14,22
16-Mar-05,21:30_duplicated_14,22
16-Mar-05_duplicated_0,21:45_duplicated_14,16
16-Mar-05_duplicated_1,22:00_duplicated_14,12
17-Mar-05,6:30_duplicated_15,3
17-Mar-05,6:45_duplicated_15,4
17-Mar-05,7:00_duplicated_15,4
17-Mar-05_duplicated_0,7:15_duplicated_15,5
17-Mar-05,7:30_duplicated_15,13
17-Mar-05,7:45_duplicated_15,11
17-Mar-05,8:00_duplicated_15,19
17-Mar-05,8:15_duplicated_15,17
17-Mar-05,8:30_duplicated_15,11
17-Mar-05_duplicated_0,8:45_duplicated_15,14
17-Mar-05,9:00_duplicated_15,13
17-Mar-05_duplicated_0,9:15_duplicated_15,20
17-Mar-05,9:30_duplicated_15,19
17-Mar-05_duplicated_0,9:45_duplicated_15,32
17-Mar-05,10:00_duplicated_15,16
17-Mar-05,10:15_duplicated_15,24
17-Mar-05,10:30_duplicated_15,29
17-Mar-05,10:45_duplicated_15,31
17-Mar-05,11:00_duplicated_15,27
17-Mar-05,11:15_duplicated_15,24
17-Mar-05_duplicated_0,11:30_duplicated_15,21
17-Mar-05,11:45_duplicated_15,29
17-Mar-05_duplicated_0,12:00_duplicated_15,33
17-Mar-05,12:15_duplicated_15,45
17-Mar-05,12:30_duplicated_15,24
17-Mar-05_duplicated_1,12:45_duplicated_15,29
17-Mar-05_duplicated_1,13:00_duplicated_15,54
17-Mar-05,13:15_duplicated_15,43
17-Mar-05,13:30_duplicated_15,34
17-Mar-05,13:45_duplicated_15,50
17-Mar-05,14:00_duplicated_15,60
17-Mar-05,14:15_duplicated_15,38
17-Mar-05,14:30_duplicated_15,42
17-Mar-05,14:45_duplicated_15,31
17-Mar-05_duplicated_0,15:00_duplicated_15,13
17-Mar-05_duplicated_1,15:15_duplicated_15,43
17-Mar-05_duplicated_0,15:30_duplicated_15,0
17-Mar-05,15:45_duplicated_15,32
17-Mar-05_duplicated_0,16:00_duplicated_15,29
17-Mar-05_duplicated_2,16:15_duplicated_15,25
17-Mar-05,16:30_duplicated_15,42
17-Mar-05_duplicated_0,16:45_duplicated_15,27
17-Mar-05_duplicated_0,17:00_duplicated_15,31
17-Mar-05_duplicated_1,17:15_duplicated_15,32
17-Mar-05_duplicated_1,17:30_duplicated_15,41
17-Mar-05,17:45_duplicated_15,53
17-Mar-05,18:00_duplicated_15,63
17-Mar-05,18:15_duplicated_15,78
17-Mar-05,18:30_duplicated_15,93
17-Mar-05,18:45_duplicated_15,83
17-Mar-05,19:00_duplicated_15,81
17-Mar-05,19:15_duplicated_15,73
17-Mar-05,19:30_duplicated_15,64
17-Mar-05,19:45_duplicated_15,48
17-Mar-05,20:00_duplicated_15,55
17-Mar-05,20:15_duplicated_15,40
17-Mar-05,20:30_duplicated_15,22
17-Mar-05,20:45_duplicated_15,29
17-Mar-05_duplicated_3,21:00_duplicated_15,30
17-Mar-05,21:15_duplicated_15,24
17-Mar-05_duplicated_2,21:30_duplicated_15,13
17-Mar-05_duplicated_2,21:45_duplicated_15,13
17-Mar-05_duplicated_3,22:00_duplicated_15,12
18-Mar-05,6:30_duplicated_16,3
18-Mar-05,6:45_duplicated_16,1
18-Mar-05,7:00_duplicated_16,5
18-Mar-05,7:15_duplicated_16,7
18-Mar-05,7:30_duplicated_16,13
18-Mar-05,7:45_duplicated_16,11
18-Mar-05,8:00_duplicated_16,14
18-Mar-05,8:15_duplicated_16,19
18-Mar-05,8:30_duplicated_16,16
18-Mar-05,8:45_duplicated_16,14
18-Mar-05_duplicated_0,9:00_duplicated_16,13
18-Mar-05_duplicated_0,9:15_duplicated_16,19
18-Mar-05_duplicated_0,9:30_duplicated_16,28
18-Mar-05,9:45_duplicated_16,17
18-Mar-05,10:00_duplicated_16,20
18-Mar-05,10:15_duplicated_16,27
18-Mar-05,10:30_duplicated_16,25
18-Mar-05,10:45_duplicated_16,36
18-Mar-05,11:00_duplicated_16,31
18-Mar-05,11:15_duplicated_16,43
18-Mar-05,11:30_duplicated_16,35
18-Mar-05,11:45_duplicated_16,33
18-Mar-05,12:00_duplicated_16,37
18-Mar-05,12:15_duplicated_16,32
18-Mar-05,12:30_duplicated_16,46
18-Mar-05,12:45_duplicated_16,34
18-Mar-05,13:00_duplicated_16,44
18-Mar-05,13:15_duplicated_16,57
18-Mar-05,13:30_duplicated_16,47
18-Mar-05,13:45_duplicated_16,60
18-Mar-05,14:00_duplicated_16,38
18-Mar-05,14:15_duplicated_16,35
18-Mar-05_duplicated_0,14:30_duplicated_16,42
18-Mar-05,14:45_duplicated_16,39
18-Mar-05,15:00_duplicated_16,33
18-Mar-05_duplicated_0,15:15_duplicated_16,39
18-Mar-05_duplicated_0,15:30_duplicated_16,29
18-Mar-05,15:45_duplicated_16,44
18-Mar-05_duplicated_0,16:00_duplicated_16,40
18-Mar-05,16:15_duplicated_16,40
18-Mar-05_duplicated_0,16:30_duplicated_16,41
18-Mar-05,16:45_duplicated_16,47
18-Mar-05_duplicated_0,17:00_duplicated_16,48
18-Mar-05,17:15_duplicated_16,71
18-Mar-05,17:30_duplicated_16,63
18-Mar-05,17:45_duplicated_16,67
18-Mar-05,18:00_duplicated_16,56
18-Mar-05,18:15_duplicated_16,70
18-Mar-05,18:30_duplicated_16,69
18-Mar-05,18:45_duplicated_16,52
18-Mar-05,19:00_duplicated_16,58
18-Mar-05,19:15_duplicated_16,58
18-Mar-05_duplicated_0,19:30_duplicated_16,60
18-Mar-05_duplicated_0,19:45_duplicated_16,48
18-Mar-05_duplicated_0,20:00_duplicated_16,48
18-Mar-05_duplicated_1,20:15_duplicated_16,39
18-Mar-05_duplicated_1,20:30_duplicated_16,29
18-Mar-05_duplicated_0,20:45_duplicated_16,25
18-Mar-05_duplicated_0,21:00_duplicated_16,19
18-Mar-05_duplicated_1,21:15_duplicated_16,22
18-Mar-05,21:30_duplicated_16,15
18-Mar-05,21:45_duplicated_16,9
18-Mar-05,22:00_duplicated_16,9
19-Mar-05,6:30_duplicated_17,0
19-Mar-05,6:45_duplicated_17,0
19-Mar-05_duplicated_0,7:00_duplicated_17,1
19-Mar-05,7:15_duplicated_17,1
19-Mar-05_duplicated_0,7:30_duplicated_17,3
19-Mar-05,7:45_duplicated_17,0
19-Mar-05_duplicated_1,8:00_duplicated_17,0
19-Mar-05_duplicated_2,8:15_duplicated_17,1
19-Mar-05_duplicated_1,8:30_duplicated_17,1
19-Mar-05_duplicated_2,8:45_duplicated_17,5
19-Mar-05,9:00_duplicated_17,3
19-Mar-05_duplicated_0,9:15_duplicated_17,0
19-Mar-05_duplicated_3,9:30_duplicated_17,4
19-Mar-05,9:45_duplicated_17,3
19-Mar-05_duplicated_1,10:00_duplicated_17,10
19-Mar-05,10:15_duplicated_17,3
19-Mar-05_duplicated_2,10:30_duplicated_17,4
19-Mar-05_duplicated_0,10:45_duplicated_17,7
19-Mar-05,11:00_duplicated_17,6
19-Mar-05,11:15_duplicated_17,5
19-Mar-05_duplicated_0,11:30_duplicated_17,3
19-Mar-05_duplicated_3,11:45_duplicated_17,8
19-Mar-05,12:00_duplicated_17,7
19-Mar-05_duplicated_0,12:15_duplicated_17,9
19-Mar-05_duplicated_0,12:30_duplicated_17,12
19-Mar-05,12:45_duplicated_17,8
19-Mar-05_duplicated_0,13:00_duplicated_17,7
19-Mar-05_duplicated_1,13:15_duplicated_17,5
19-Mar-05_duplicated_1,13:30_duplicated_17,8
19-Mar-05_duplicated_1,13:45_duplicated_17,11
19-Mar-05,14:00_duplicated_17,16
19-Mar-05,14:15_duplicated_17,6
19-Mar-05_duplicated_0,14:30_duplicated_17,9
19-Mar-05_duplicated_1,14:45_duplicated_17,5
19-Mar-05_duplicated_2,15:00_duplicated_17,6
19-Mar-05_duplicated_1,15:15_duplicated_17,3
19-Mar-05_duplicated_4,15:30_duplicated_17,4
19-Mar-05_duplicated_1,15:45_duplicated_17,3
19-Mar-05_duplicated_5,16:00_duplicated_17,5
19-Mar-05_duplicated_3,16:15_duplicated_17,8
19-Mar-05_duplicated_2,16:30_duplicated_17,5
19-Mar-05_duplicated_4,16:45_duplicated_17,2
19-Mar-05,17:00_duplicated_17,6
19-Mar-05_duplicated_2,17:15_duplicated_17,6
19-Mar-05_duplicated_3,17:30_duplicated_17,9
19-Mar-05_duplicated_2,17:45_duplicated_17,2
19-Mar-05_duplicated_0,18:00_duplicated_17,2
19-Mar-05_duplicated_1,18:15_duplicated_17,8
19-Mar-05_duplicated_3,18:30_duplicated_17,1
19-Mar-05_duplicated_3,18:45_duplicated_17,1
19-Mar-05_duplicated_4,19:00_duplicated_17,3
19-Mar-05_duplicated_6,19:15_duplicated_17,5
19-Mar-05_duplicated_5,19:30_duplicated_17,3
19-Mar-05_duplicated_7,19:45_duplicated_17,2
19-Mar-05_duplicated_2,20:00_duplicated_17,3
19-Mar-05_duplicated_8,20:15_duplicated_17,1
19-Mar-05_duplicated_5,20:30_duplicated_17,3
19-Mar-05_duplicated_9,20:45_duplicated_17,0
19-Mar-05_duplicated_4,21:00_duplicated_17,2
19-Mar-05_duplicated_3,21:15_duplicated_17,1
19-Mar-05_duplicated_6,21:30_duplicated_17,2
19-Mar-05_duplicated_4,21:45_duplicated_17,1
19-Mar-05_duplicated_7,22:00_duplicated_17,0
20-Mar-05,6:30_duplicated_18,0
20-Mar-05_duplicated_0,6:45_duplicated_18,0
20-Mar-05_duplicated_1,7:00_duplicated_18,0
20-Mar-05_duplicated_2,7:15_duplicated_18,0
20-Mar-05_duplicated_3,7:30_duplicated_18,0
20-Mar-05_duplicated_4,7:45_duplicated_18,0
20-Mar-05_duplicated_5,8:00_duplicated_18,0
20-Mar-05_duplicated_6,8:15_duplicated_18,0
20-Mar-05_duplicated_7,8:30_duplicated_18,0
20-Mar-05_duplicated_8,8:45_duplicated_18,0
20-Mar-05_duplicated_9,9:00_duplicated_18,0
20-Mar-05_duplicated_10,9:15_duplicated_18,0
20-Mar-05_duplicated_11,9:30_duplicated_18,0
20-Mar-05_duplicated_12,9:45_duplicated_18,2
20-Mar-05,10:00_duplicated_18,0
20-Mar-05_duplicated_13,10:15_duplicated_18,1
20-Mar-05,10:30_duplicated_18,0
20-Mar-05_duplicated_14,10:45_duplicated_18,0
20-Mar-05_duplicated_15,11:00_duplicated_18,0
20-Mar-05_duplicated_16,11:15_duplicated_18,0
20-Mar-05_duplicated_17,11:30_duplicated_18,1
20-Mar-05_duplicated_0,11:45_duplicated_18,0
20-Mar-05_duplicated_18,12:00_duplicated_18,0
20-Mar-05_duplicated_19,12:15_duplicated_18,3
20-Mar-05,12:30_duplicated_18,1
20-Mar-05_duplicated_1,12:45_duplicated_18,1
20-Mar-05_duplicated_2,13:00_duplicated_18,1
20-Mar-05_duplicated_3,13:15_duplicated_18,5
20-Mar-05,13:30_duplicated_18,1
20-Mar-05_duplicated_4,13:45_duplicated_18,1
20-Mar-05_duplicated_5,14:00_duplicated_18,2
20-Mar-05_duplicated_0,14:15_duplicated_18,0
20-Mar-05_duplicated_20,14:30_duplicated_18,1
20-Mar-05_duplicated_6,14:45_duplicated_18,0
20-Mar-05_duplicated_21,15:00_duplicated_18,3
20-Mar-05_duplicated_0,15:15_duplicated_18,2
20-Mar-05_duplicated_1,15:30_duplicated_18,1
20-Mar-05_duplicated_7,15:45_duplicated_18,1
20-Mar-05_duplicated_8,16:00_duplicated_18,0
20-Mar-05_duplicated_22,16:15_duplicated_18,1
20-Mar-05_duplicated_9,16:30_duplicated_18,0
20-Mar-05_duplicated_23,16:45_duplicated_18,1
20-Mar-05_duplicated_10,17:00_duplicated_18,2
20-Mar-05_duplicated_2,17:15_duplicated_18,4
20-Mar-05,17:30_duplicated_18,1
20-Mar-05_duplicated_11,17:45_duplicated_18,2
20-Mar-05_duplicated_3,18:00_duplicated_18,2
20-Mar-05_duplicated_4,18:15_duplicated_18,2
20-Mar-05_duplicated_5,18:30_duplicated_18,0
20-Mar-05_duplicated_24,18:45_duplicated_18,0
20-Mar-05_duplicated_25,19:00_duplicated_18,2
20-Mar-05_duplicated_6,19:15_duplicated_18,4
20-Mar-05_duplicated_0,19:30_duplicated_18,1
20-Mar-05_duplicated_12,19:45_duplicated_18,1
20-Mar-05_duplicated_13,20:00_duplicated_18,1
20-Mar-05_duplicated_14,20:15_duplicated_18,1
20-Mar-05_duplicated_15,20:30_duplicated_18,0
20-Mar-05_duplicated_26,20:45_duplicated_18,1
20-Mar-05_duplicated_16,21:00_duplicated_18,1
20-Mar-05_duplicated_17,21:15_duplicated_18,2
20-Mar-05_duplicated_7,21:30_duplicated_18,1
20-Mar-05_duplicated_18,21:45_duplicated_18,0
20-Mar-05_duplicated_27,22:00_duplicated_18,0
21-Mar-05,6:30_duplicated_19,1
21-Mar-05,6:45_duplicated_19,2
21-Mar-05,7:00_duplicated_19,2
21-Mar-05_duplicated_0,7:15_duplicated_19,13
21-Mar-05,7:30_duplicated_19,18
21-Mar-05,7:45_duplicated_19,19
21-Mar-05,8:00_duplicated_19,20
21-Mar-05,8:15_duplicated_19,18
21-Mar-05_duplicated_0,8:30_duplicated_19,22
21-Mar-05,8:45_duplicated_19,17
21-Mar-05,9:00_duplicated_19,10
21-Mar-05,9:15_duplicated_19,21
21-Mar-05,9:30_duplicated_19,16
21-Mar-05,9:45_duplicated_19,37
21-Mar-05,10:00_duplicated_19,27
21-Mar-05,10:15_duplicated_19,25
21-Mar-05,10:30_duplicated_19,32
21-Mar-05,10:45_duplicated_19,37
21-Mar-05_duplicated_0,11:00_duplicated_19,32
21-Mar-05_duplicated_0,11:15_duplicated_19,35
21-Mar-05,11:30_duplicated_19,41
21-Mar-05,11:45_duplicated_19,35
21-Mar-05_duplicated_0,12:00_duplicated_19,41
21-Mar-05_duplicated_0,12:15_duplicated_19,45
21-Mar-05,12:30_duplicated_19,34
21-Mar-05,12:45_duplicated_19,42
21-Mar-05,13:00_duplicated_19,59
21-Mar-05,13:15_duplicated_19,67
21-Mar-05,13:30_duplicated_19,60
21-Mar-05,13:45_duplicated_19,77
21-Mar-05,14:00_duplicated_19,39
21-Mar-05,14:15_duplicated_19,49
21-Mar-05,14:30_duplicated_19,57
21-Mar-05,14:45_duplicated_19,42
21-Mar-05_duplicated_0,15:00_duplicated_19,27
21-Mar-05_duplicated_0,15:15_duplicated_19,43
21-Mar-05,15:30_duplicated_19,30
21-Mar-05,15:45_duplicated_19,36
21-Mar-05,16:00_duplicated_19,32
21-Mar-05_duplicated_1,16:15_duplicated_19,21
21-Mar-05_duplicated_0,16:30_duplicated_19,39
21-Mar-05_duplicated_0,16:45_duplicated_19,35
21-Mar-05_duplicated_1,17:00_duplicated_19,44
21-Mar-05,17:15_duplicated_19,51
21-Mar-05,17:30_duplicated_19,3
21-Mar-05,17:45_duplicated_19,0
21-Mar-05_duplicated_0,18:00_duplicated_19,0
21-Mar-05_duplicated_1,18:15_duplicated_19,0
21-Mar-05_duplicated_2,18:30_duplicated_19,65
21-Mar-05,18:45_duplicated_19,108
21-Mar-05,19:00_duplicated_19,101
21-Mar-05,19:15_duplicated_19,105
21-Mar-05,19:30_duplicated_19,74
21-Mar-05,19:45_duplicated_19,55
21-Mar-05,20:00_duplicated_19,53
21-Mar-05,20:15_duplicated_19,47
21-Mar-05,20:30_duplicated_19,45
21-Mar-05_duplicated_0,20:45_duplicated_19,36
21-Mar-05_duplicated_0,21:00_duplicated_19,35
21-Mar-05_duplicated_2,21:15_duplicated_19,23
21-Mar-05,21:30_duplicated_19,12
21-Mar-05,21:45_duplicated_19,6
21-Mar-05,22:00_duplicated_19,2
22-Mar-05,6:30_duplicated_20,
22-Mar-05,6:45_duplicated_20,
22-Mar-05_duplicated_0,7:00_duplicated_20,
22-Mar-05_duplicated_1,7:15_duplicated_20,
22-Mar-05_duplicated_2,7:30_duplicated_20,
22-Mar-05_duplicated_3,7:45_duplicated_20,
22-Mar-05_duplicated_4,8:00_duplicated_20,
22-Mar-05_duplicated_5,8:15_duplicated_20,
22-Mar-05_duplicated_6,8:30_duplicated_20,
22-Mar-05_duplicated_7,8:45_duplicated_20,
22-Mar-05_duplicated_8,9:00_duplicated_20,
22-Mar-05_duplicated_9,9:15_duplicated_20,
22-Mar-05_duplicated_10,9:30_duplicated_20,
22-Mar-05_duplicated_11,9:45_duplicated_20,
22-Mar-05_duplicated_12,10:00_duplicated_20,
22-Mar-05_duplicated_13,10:15_duplicated_20,
22-Mar-05_duplicated_14,10:30_duplicated_20,
22-Mar-05_duplicated_15,10:45_duplicated_20,
22-Mar-05_duplicated_16,11:00_duplicated_20,
22-Mar-05_duplicated_17,11:15_duplicated_20,
22-Mar-05_duplicated_18,11:30_duplicated_20,
22-Mar-05_duplicated_19,11:45_duplicated_20,
22-Mar-05_duplicated_20,12:00_duplicated_20,
22-Mar-05_duplicated_21,12:15_duplicated_20,
22-Mar-05_duplicated_22,12:30_duplicated_20,
22-Mar-05_duplicated_23,12:45_duplicated_20,
22-Mar-05_duplicated_24,13:00_duplicated_20,
22-Mar-05_duplicated_25,13:15_duplicated_20,
22-Mar-05_duplicated_26,13:30_duplicated_20,
22-Mar-05_duplicated_27,13:45_duplicated_20,
22-Mar-05_duplicated_28,14:00_duplicated_20,
22-Mar-05_duplicated_29,14:15_duplicated_20,
22-Mar-05_duplicated_30,14:30_duplicated_20,
22-Mar-05_duplicated_31,14:45_duplicated_20,
22-Mar-05_duplicated_32,15:00_duplicated_20,
22-Mar-05_duplicated_33,15:15_duplicated_20,
22-Mar-05_duplicated_34,15:30_duplicated_20,
22-Mar-05_duplicated_35,15:45_duplicated_20,
22-Mar-05_duplicated_36,16:00_duplicated_20,
22-Mar-05_duplicated_37,16:15_duplicated_20,
22-Mar-05_duplicated_38,16:30_duplicated_20,
22-Mar-05_duplicated_39,16:45_duplicated_20,
22-Mar-05_duplicated_40,17:00_duplicated_20,
22-Mar-05_duplicated_41,17:15_duplicated_20,
22-Mar-05_duplicated_42,17:30_duplicated_20,
22-Mar-05_duplicated_43,17:45_duplicated_20,
22-Mar-05_duplicated_44,18:00_duplicated_20,
22-Mar-05_duplicated_45,18:15_duplicated_20,
22-Mar-05_duplicated_46,18:30_duplicated_20,
22-Mar-05_duplicated_47,18:45_duplicated_20,
22-Mar-05_duplicated_48,19:00_duplicated_20,
22-Mar-05_duplicated_49,19:15_duplicated_20,
22-Mar-05_duplicated_50,19:30_duplicated_20,
22-Mar-05_duplicated_51,19:45_duplicated_20,
22-Mar-05_duplicated_52,20:00_duplicated_20,
22-Mar-05_duplicated_53,20:15_duplicated_20,
22-Mar-05_duplicated_54,20:30_duplicated_20,
22-Mar-05_duplicated_55,20:45_duplicated_20,
22-Mar-05_duplicated_56,21:00_duplicated_20,
22-Mar-05_duplicated_57,21:15_duplicated_20,
22-Mar-05_duplicated_58,21:30_duplicated_20,
22-Mar-05_duplicated_59,21:45_duplicated_20,
22-Mar-05_duplicated_60,22:00_duplicated_20,
23-Mar-05,6:30_duplicated_21,
23-Mar-05_duplicated_0,6:45_duplicated_21,
23-Mar-05_duplicated_1,7:00_duplicated_21,
23-Mar-05_duplicated_2,7:15_duplicated_21,
23-Mar-05_duplicated_3,7:30_duplicated_21,
23-Mar-05_duplicated_4,7:45_duplicated_21,
23-Mar-05_duplicated_5,8:00_duplicated_21,
23-Mar-05_duplicated_6,8:15_duplicated_21,
23-Mar-05_duplicated_7,8:30_duplicated_21,
23-Mar-05_duplicated_8,8:45_duplicated_21,
23-Mar-05_duplicated_9,9:00_duplicated_21,
23-Mar-05_duplicated_10,9:15_duplicated_21,
23-Mar-05_duplicated_11,9:30_duplicated_21,
23-Mar-05_duplicated_12,9:45_duplicated_21,
23-Mar-05_duplicated_13,10:00_duplicated_21,
23-Mar-05_duplicated_14,10:15_duplicated_21,
23-Mar-05_duplicated_15,10:30_duplicated_21,
23-Mar-05_duplicated_16,10:45_duplicated_21,
23-Mar-05_duplicated_17,11:00_duplicated_21,
23-Mar-05_duplicated_18,11:15_duplicated_21,
23-Mar-05_duplicated_19,11:30_duplicated_21,
23-Mar-05_duplicated_20,11:45_duplicated_21,
23-Mar-05_duplicated_21,12:00_duplicated_21,
23-Mar-05_duplicated_22,12:15_duplicated_21,
23-Mar-05_duplicated_23,12:30_duplicated_21,
23-Mar-05_duplicated_24,12:45_duplicated_21,
23-Mar-05_duplicated_25,13:00_duplicated_21,
23-Mar-05_duplicated_26,13:15_duplicated_21,
23-Mar-05_duplicated_27,13:30_duplicated_21,
23-Mar-05_duplicated_28,13:45_duplicated_21,
23-Mar-05_duplicated_29,14:00_duplicated_21,
23-Mar-05_duplicated_30,14:15_duplicated_21,
23-Mar-05_duplicated_31,14:30_duplicated_21,
23-Mar-05_duplicated_32,14:45_duplicated_21,
23-Mar-05_duplicated_33,15:00_duplicated_21,
23-Mar-05_duplicated_34,15:15_duplicated_21,
23-Mar-05_duplicated_35,15:30_duplicated_21,
23-Mar-05_duplicated_36,15:45_duplicated_21,
23-Mar-05_duplicated_37,16:00_duplicated_21,
23-Mar-05_duplicated_38,16:15_duplicated_21,
23-Mar-05_duplicated_39,16:30_duplicated_21,
23-Mar-05_duplicated_40,16:45_duplicated_21,
23-Mar-05_duplicated_41,17:00_duplicated_21,
23-Mar-05_duplicated_42,17:15_duplicated_21,
23-Mar-05_duplicated_43,17:30_duplicated_21,
23-Mar-05_duplicated_44,17:45_duplicated_21,
23-Mar-05_duplicated_45,18:00_duplicated_21,
23-Mar-05_duplicated_46,18:15_duplicated_21,
23-Mar-05_duplicated_47,18:30_duplicated_21,
23-Mar-05_duplicated_48,18:45_duplicated_21,
23-Mar-05_duplicated_49,19:00_duplicated_21,
23-Mar-05_duplicated_50,19:15_duplicated_21,
23-Mar-05_duplicated_51,19:30_duplicated_21,
23-Mar-05_duplicated_52,19:45_duplicated_21,
23-Mar-05_duplicated_53,20:00_duplicated_21,
23-Mar-05_duplicated_54,20:15_duplicated_21,
23-Mar-05_duplicated_55,20:30_duplicated_21,
23-Mar-05_duplicated_56,20:45_duplicated_21,
23-Mar-05_duplicated_57,21:00_duplicated_21,
23-Mar-05_duplicated_58,21:15_duplicated_21,
23-Mar-05_duplicated_59,21:30_duplicated_21,
23-Mar-05_duplicated_60,21:45_duplicated_21,
23-Mar-05_duplicated_61,22:00_duplicated_21,
24-Mar-05,6:30_duplicated_22,
24-Mar-05_duplicated_0,6:45_duplicated_22,
24-Mar-05_duplicated_1,7:00_duplicated_22,
24-Mar-05_duplicated_2,7:15_duplicated_22,
24-Mar-05_duplicated_3,7:30_duplicated_22,
24-Mar-05_duplicated_4,7:45_duplicated_22,
24-Mar-05_duplicated_5,8:00_duplicated_22,
24-Mar-05_duplicated_6,8:15_duplicated_22,
24-Mar-05_duplicated_7,8:30_duplicated_22,
24-Mar-05_duplicated_8,8:45_duplicated_22,
24-Mar-05_duplicated_9,9:00_duplicated_22,
24-Mar-05_duplicated_10,9:15_duplicated_22,
24-Mar-05_duplicated_11,9:30_duplicated_22,
24-Mar-05_duplicated_12,9:45_duplicated_22,
24-Mar-05_duplicated_13,10:00_duplicated_22,
24-Mar-05_duplicated_14,10:15_duplicated_22,
24-Mar-05_duplicated_15,10:30_duplicated_22,
24-Mar-05_duplicated_16,10:45_duplicated_22,
24-Mar-05_duplicated_17,11:00_duplicated_22,
24-Mar-05_duplicated_18,11:15_duplicated_22,
24-Mar-05_duplicated_19,11:30_duplicated_22,
24-Mar-05_duplicated_20,11:45_duplicated_22,
24-Mar-05_duplicated_21,12:00_duplicated_22,
24-Mar-05_duplicated_22,12:15_duplicated_22,
24-Mar-05_duplicated_23,12:30_duplicated_22,
24-Mar-05_duplicated_24,12:45_duplicated_22,
24-Mar-05_duplicated_25,13:00_duplicated_22,
24-Mar-05_duplicated_26,13:15_duplicated_22,
24-Mar-05_duplicated_27,13:30_duplicated_22,
24-Mar-05_duplicated_28,13:45_duplicated_22,
24-Mar-05_duplicated_29,14:00_duplicated_22,
24-Mar-05_duplicated_30,14:15_duplicated_22,
24-Mar-05_duplicated_31,14:30_duplicated_22,
24-Mar-05_duplicated_32,14:45_duplicated_22,
24-Mar-05_duplicated_33,15:00_duplicated_22,
24-Mar-05_duplicated_34,15:15_duplicated_22,
24-Mar-05_duplicated_35,15:30_duplicated_22,
24-Mar-05_duplicated_36,15:45_duplicated_22,
24-Mar-05_duplicated_37,16:00_duplicated_22,
24-Mar-05_duplicated_38,16:15_duplicated_22,
24-Mar-05_duplicated_39,16:30_duplicated_22,
24-Mar-05_duplicated_40,16:45_duplicated_22,
24-Mar-05_duplicated_41,17:00_duplicated_22,
24-Mar-05_duplicated_42,17:15_duplicated_22,
24-Mar-05_duplicated_43,17:30_duplicated_22,
24-Mar-05_duplicated_44,17:45_duplicated_22,
24-Mar-05_duplicated_45,18:00_duplicated_22,
24-Mar-05_duplicated_46,18:15_duplicated_22,
24-Mar-05_duplicated_47,18:30_duplicated_22,
24-Mar-05_duplicated_48,18:45_duplicated_22,
24-Mar-05_duplicated_49,19:00_duplicated_22,
24-Mar-05_duplicated_50,19:15_duplicated_22,
24-Mar-05_duplicated_51,19:30_duplicated_22,
24-Mar-05_duplicated_52,19:45_duplicated_22,
24-Mar-05_duplicated_53,20:00_duplicated_22,
24-Mar-05_duplicated_54,20:15_duplicated_22,
24-Mar-05_duplicated_55,20:30_duplicated_22,
24-Mar-05_duplicated_56,20:45_duplicated_22,
24-Mar-05_duplicated_57,21:00_duplicated_22,
24-Mar-05_duplicated_58,21:15_duplicated_22,
24-Mar-05_duplicated_59,21:30_duplicated_22,
24-Mar-05_duplicated_60,21:45_duplicated_22,
24-Mar-05_duplicated_61,22:00_duplicated_22
