category,currency,seller_rating,duration,end_day,close_price,open_price,competitive?
Music/Movie/Game,US,3249,5,Mon,0.01,0.01,0
Music/Movie/Game,US,3249,5,Mon,0.01,0.01,0
Music/Movie/Game,US,3249,5,Mon,0.01,0.01,0
Music/Movie/Game,US,3249,5,Mon,0.01,0.01,0
Music/Movie/Game,US,3249,5,Mon,0.01,0.01,0
Music/Movie/Game,US,3249,5,Mon,0.01,0.01,0
Music/Movie/Game,US,3249,5,Mon,0.01,0.01,0
Music/Movie/Game,US,3249,5,Mon,0.01,0.01,0
Music/Movie/Game,US,3249,5,Mon,0.01,0.01,0
Music/Movie/Game,US,3249,5,Mon,0.01,0.01,0
Music/Movie/Game,US,3249,5,Mon,0.01,0.01,0
Music/Movie/Game,US,3249,5,Mon,0.01,0.01,0
Music/Movie/Game,US,3249,5,Mon,0.01,0.01,0
Music/Movie/Game,US,3249,5,Mon,0.01,0.01,0
Music/Movie/Game,US,3249,5,Mon,0.01,0.01,0
Music/Movie/Game,US,3249,5,Mon,0.01,0.01,0
Automotive,US,3115,7,Tue,0.01,0.01,0
Automotive,US,3115,7,Tue,0.01,0.01,0
Automotive,US,3115,7,Tue,0.01,0.01,0
Automotive,US,3115,7,Tue,0.01,0.01,0
Automotive,US,3115,7,Tue,0.01,0.01,1
Automotive,US,3115,7,Tue,0.01,0.01,1
Music/Movie/Game,US,37727,7,Mon,0.01,0.01,0
Music/Movie/Game,US,3249,5,Mon,0.06,0.01,1
Music/Movie/Game,US,3249,5,Mon,0.1,0.01,1
SportingGoods,US,34343,1,Fri,0.11,0.01,1
Music/Movie/Game,US,3249,5,Mon,0.11,0.01,1
Music/Movie/Game,US,3249,5,Mon,0.17,0.01,1
Music/Movie/Game,US,3249,5,Mon,0.17,0.01,1
Music/Movie/Game,US,3249,5,Mon,0.21,0.01,1
Music/Movie/Game,US,3249,5,Mon,0.55,0.01,1
Music/Movie/Game,US,3249,5,Mon,0.55,0.01,1
Music/Movie/Game,US,3249,5,Mon,1.05,0.01,1
Music/Movie/Game,US,3249,5,Mon,1.25,0.01,1
Music/Movie/Game,US,3249,5,Mon,1.25,0.01,1
Music/Movie/Game,US,3249,5,Mon,1.25,0.01,1
Music/Movie/Game,US,3249,5,Mon,1.25,0.01,1
Music/Movie/Game,US,3249,5,Mon,1.29,0.01,1
Music/Movie/Game,US,3249,5,Mon,1.3,0.01,1
Music/Movie/Game,US,3249,5,Mon,1.32,0.01,1
Music/Movie/Game,US,3249,5,Mon,1.32,0.01,1
Music/Movie/Game,US,3249,5,Mon,1.37,0.01,1
Music/Movie/Game,US,3249,5,Mon,1.5,0.01,1
Music/Movie/Game,US,3249,5,Mon,1.58,0.01,1
Music/Movie/Game,US,3249,5,Mon,1.75,0.01,1
Music/Movie/Game,US,3249,5,Mon,2.0,0.01,1
Music/Movie/Game,US,3249,5,Mon,2.0,0.01,1
Music/Movie/Game,US,3249,5,Mon,2.0,0.01,1
Music/Movie/Game,US,3249,5,Mon,2.05,0.01,1
Music/Movie/Game,US,3249,5,Mon,2.13,0.01,1
Music/Movie/Game,US,3249,5,Mon,2.25,0.01,1
Music/Movie/Game,US,3249,5,Mon,2.25,0.01,1
Music/Movie/Game,US,3249,5,Mon,2.3,0.01,1
Automotive,US,3115,7,Tue,2.31,0.01,1
Music/Movie/Game,US,3249,5,Mon,2.33,0.01,1
Music/Movie/Game,US,3249,5,Mon,2.8,0.01,1
Music/Movie/Game,US,3249,5,Mon,3.0,0.01,1
Music/Movie/Game,US,3249,5,Mon,3.0,0.01,1
Music/Movie/Game,US,3249,5,Mon,3.01,0.01,1
Music/Movie/Game,US,3249,5,Mon,3.06,0.01,1
Music/Movie/Game,US,3249,5,Mon,3.08,0.01,1
Music/Movie/Game,US,3249,5,Mon,3.25,0.01,1
Music/Movie/Game,US,3249,5,Mon,3.25,0.01,1
Music/Movie/Game,US,3249,5,Mon,3.25,0.01,1
Music/Movie/Game,US,3249,5,Mon,3.25,0.01,1
Music/Movie/Game,US,3249,5,Mon,3.26,0.01,1
Music/Movie/Game,US,3249,5,Mon,3.27,0.01,1
Music/Movie/Game,US,3249,5,Mon,3.3,0.01,1
Music/Movie/Game,US,3249,5,Mon,3.31,0.01,1
Music/Movie/Game,US,3249,5,Mon,3.36,0.01,1
Music/Movie/Game,US,3249,5,Mon,3.5,0.01,1
Music/Movie/Game,US,3249,5,Mon,3.55,0.01,1
Music/Movie/Game,US,3249,5,Mon,3.75,0.01,1
Music/Movie/Game,US,3249,5,Mon,3.75,0.01,1
Music/Movie/Game,US,3249,5,Mon,3.76,0.01,1
Music/Movie/Game,US,3249,5,Mon,3.8,0.01,1
Music/Movie/Game,US,3249,5,Mon,3.8,0.01,1
Music/Movie/Game,US,3249,5,Mon,3.84,0.01,1
Music/Movie/Game,US,3249,5,Mon,4.17,0.01,1
Music/Movie/Game,US,3249,5,Mon,4.25,0.01,1
Music/Movie/Game,US,3249,5,Mon,4.25,0.01,1
Music/Movie/Game,US,3249,5,Mon,4.25,0.01,1
Music/Movie/Game,US,3249,5,Mon,4.25,0.01,1
Music/Movie/Game,US,37727,7,Mon,4.26,0.01,1
Music/Movie/Game,US,3249,5,Mon,4.29,0.01,1
Music/Movie/Game,US,3249,5,Mon,4.31,0.01,1
Music/Movie/Game,US,3249,5,Mon,4.4,0.01,1
Music/Movie/Game,US,3249,5,Mon,4.54,0.01,1
Music/Movie/Game,US,3249,5,Mon,4.75,0.01,1
Music/Movie/Game,US,3249,5,Mon,4.9,0.01,1
Music/Movie/Game,US,3249,5,Mon,5.0,0.01,1
Music/Movie/Game,US,3249,5,Mon,5.0,0.01,1
Music/Movie/Game,US,3249,5,Mon,5.01,0.01,1
Music/Movie/Game,US,3249,5,Mon,5.5,0.01,1
Music/Movie/Game,US,3249,5,Mon,5.5,0.01,1
Music/Movie/Game,US,3249,5,Mon,5.5,0.01,1
Music/Movie/Game,US,3249,5,Mon,5.52,0.01,1
Music/Movie/Game,US,3249,5,Mon,5.52,0.01,1
Music/Movie/Game,US,3249,5,Mon,6.0,0.01,1
Music/Movie/Game,US,3249,5,Mon,6.01,0.01,1
Music/Movie/Game,US,3249,5,Mon,6.15,0.01,1
Music/Movie/Game,US,3249,5,Mon,6.18,0.01,1
Music/Movie/Game,US,3249,5,Mon,6.5,0.01,1
Music/Movie/Game,US,3249,5,Mon,6.5,0.01,1
Music/Movie/Game,US,3249,5,Mon,6.5,0.01,1
Music/Movie/Game,US,3249,5,Mon,6.5,0.01,1
Home/Garden,GBP,29,7,Thu,11.6,0.02,1
Music/Movie/Game,US,3249,5,Mon,6.55,0.01,1
Music/Movie/Game,US,3249,5,Mon,6.71,0.01,1
Music/Movie/Game,US,3249,5,Mon,7.0,0.01,1
Music/Movie/Game,US,3249,5,Mon,7.0,0.01,1
Music/Movie/Game,US,3249,5,Mon,7.0,0.01,1
Music/Movie/Game,US,3249,5,Mon,7.05,0.01,1
Music/Movie/Game,US,3249,5,Mon,7.5,0.01,1
Music/Movie/Game,US,3249,5,Mon,7.5,0.01,1
Music/Movie/Game,US,3249,5,Mon,7.5,0.01,1
Music/Movie/Game,US,3249,5,Mon,7.51,0.01,1
Music/Movie/Game,US,3249,5,Mon,7.55,0.01,1
Music/Movie/Game,US,3249,5,Mon,8.01,0.01,1
Music/Movie/Game,US,3249,5,Mon,8.05,0.01,1
Music/Movie/Game,US,3249,5,Mon,8.05,0.01,1
Music/Movie/Game,US,3249,5,Mon,8.26,0.01,1
Music/Movie/Game,US,3249,5,Mon,8.49,0.01,1
Music/Movie/Game,US,3249,5,Mon,8.5,0.01,1
Music/Movie/Game,US,3249,5,Mon,8.5,0.01,1
Music/Movie/Game,US,3249,5,Mon,9.39,0.01,1
Music/Movie/Game,US,3249,5,Mon,9.5,0.01,1
Music/Movie/Game,US,3249,5,Mon,9.99,0.01,1
Music/Movie/Game,US,3249,5,Mon,10.0,0.01,1
Music/Movie/Game,US,3249,5,Mon,10.0,0.01,1
Music/Movie/Game,US,3249,5,Mon,10.5,0.01,1
Music/Movie/Game,US,3249,5,Mon,10.5,0.01,1
Music/Movie/Game,US,3249,5,Mon,10.5,0.01,1
Books,US,352,7,Sat,11.5,0.01,1
Music/Movie/Game,US,3249,5,Mon,11.55,0.01,1
Music/Movie/Game,US,3249,5,Mon,11.71,0.01,1
Music/Movie/Game,US,3249,5,Mon,15.5,0.01,1
Home/Garden,GBP,2991,7,Thu,0.98,0.53,1
Music/Movie/Game,US,3249,5,Mon,18.0,0.01,1
Music/Movie/Game,US,3249,5,Mon,18.5,0.01,1
Collectibles,US,1,5,Tue,20.7,0.01,1
Collectibles,US,1,5,Fri,22.0,0.01,1
Collectibles,US,1,5,Fri,23.65,0.01,1
Business/Industrial,US,5450,3,Sun,26.0,0.01,1
Collectibles,US,1,5,Tue,26.0,0.01,1
Music/Movie/Game,US,3249,5,Mon,27.0,0.01,1
Music/Movie/Game,GBP,1029,7,Thu,1.07,1.07,0
Music/Movie/Game,GBP,1029,7,Thu,1.07,1.07,0
Toys/Hobbies,GBP,2991,7,Thu,2.14,0.53,1
Toys/Hobbies,GBP,2991,7,Thu,2.16,0.54,1
Collectibles,US,1,5,Fri,43.0,0.01,1
Collectibles,US,1,5,Tue,46.02,0.01,1
Books,US,30,7,Mon,0.7,0.7,0
Music/Movie/Game,GBP,1029,7,Thu,1.25,1.25,0
Music/Movie/Game,GBP,1029,7,Thu,1.25,1.25,0
Music/Movie/Game,GBP,1029,7,Thu,1.25,1.25,0
Music/Movie/Game,GBP,1029,7,Thu,1.25,1.25,1
Music/Movie/Game,GBP,70,7,Thu,1.86,0.89,1
Collectibles,US,1,5,Tue,52.02,0.01,1
Collectibles,US,1,5,Tue,61.05,0.01,1
Electronics,US,4,5,Sat,62.0,0.01,1
Toys/Hobbies,GBP,2991,7,Thu,3.93,0.54,1
Music/Movie/Game,GBP,1029,7,Thu,1.7,1.25,1
Toys/Hobbies,GBP,2991,7,Thu,5.18,0.54,1
Computer,US,411,3,Sat,0.99,0.99,1
Automotive,US,793,3,Sat,0.99,0.99,1
Toys/Hobbies,US,3277,3,Sun,0.99,0.99,0
Toys/Hobbies,US,3277,3,Sun,0.99,0.99,0
Toys/Hobbies,US,3277,3,Sun,0.99,0.99,0
Music/Movie/Game,US,841,5,Mon,0.99,0.99,0
Music/Movie/Game,US,841,5,Mon,0.99,0.99,0
Music/Movie/Game,US,841,5,Mon,0.99,0.99,0
Music/Movie/Game,US,841,5,Mon,0.99,0.99,0
Music/Movie/Game,US,841,5,Mon,0.99,0.99,1
Collectibles,US,2220,5,Mon,0.99,0.99,0
EverythingElse,US,109,7,Fri,0.99,0.99,0
Books,GBP,149,7,Thu,1.77,1.77,0
Music/Movie/Game,GBP,149,7,Thu,1.77,1.77,0
Music/Movie/Game,GBP,215,7,Thu,1.77,1.77,0
Collectibles,US,2695,7,Fri,0.99,0.99,0
Collectibles,US,2695,7,Sat,0.99,0.99,0
Collectibles,US,2695,7,Sat,0.99,0.99,0
Collectibles,US,2695,7,Sat,0.99,0.99,0
Collectibles,US,2695,7,Sat,0.99,0.99,0
Toys/Hobbies,GBP,2991,7,Thu,1.77,1.77,0
Toys/Hobbies,GBP,2991,7,Thu,1.77,1.77,0
Music/Movie/Game,GBP,2991,7,Thu,1.77,1.77,0
Clothing/Accessories,GBP,2991,7,Thu,1.77,1.77,0
Coins/Stamps,GBP,3380,7,Thu,1.77,1.77,0
Coins/Stamps,GBP,3380,7,Thu,1.77,1.77,1
Toys/Hobbies,US,3385,7,Sat,0.99,0.99,0
Computer,US,4790,7,Tue,0.99,0.99,0
Collectibles,US,743,3,Sat,1.0,1.0,1
Electronics,EUR,9,5,Sun,1.23,1.23,0
Automotive,US,113,5,Sun,1.0,1.0,0
Antique/Art/Craft,EUR,158,5,Mon,1.23,1.23,0
Books,EUR,410,5,Mon,1.23,1.23,0
Books,EUR,666,5,Thu,1.23,1.23,0
Books,EUR,865,5,Fri,1.23,1.23,0
Clothing/Accessories,EUR,865,5,Sat,1.23,1.23,0
Music/Movie/Game,EUR,1301,5,Fri,1.23,1.23,0
Business/Industrial,EUR,27,7,Sun,1.23,1.23,0
Business/Industrial,EUR,27,7,Sun,1.23,1.23,0
Computer,EUR,29,7,Fri,1.23,1.23,0
Clothing/Accessories,EUR,41,7,Thu,1.23,1.23,0
Books,EUR,104,7,Mon,1.23,1.23,0
Music/Movie/Game,EUR,104,7,Mon,1.23,1.23,0
Music/Movie/Game,EUR,858,7,Mon,1.23,1.23,0
Jewelry,US,1317,7,Mon,1.0,1.0,1
Music/Movie/Game,EUR,1515,7,Mon,1.23,1.23,0
Antique/Art/Craft,EUR,1550,7,Mon,1.23,1.23,0
Antique/Art/Craft,EUR,1550,7,Mon,1.23,1.23,0
Antique/Art/Craft,EUR,1550,7,Mon,1.23,1.23,0
Antique/Art/Craft,EUR,1550,7,Wed,1.23,1.23,0
Electronics,EUR,1550,7,Sat,1.23,1.23,0
Music/Movie/Game,EUR,2162,7,Thu,1.23,1.23,0
Music/Movie/Game,EUR,2162,7,Thu,1.23,1.23,1
Pottery/Glass,GBP,5292,7,Thu,1.78,1.78,0
Pottery/Glass,GBP,5292,7,Thu,1.78,1.78,0
Automotive,EUR,23,10,Wed,1.23,1.23,0
Home/Garden,EUR,54,10,Tue,1.23,1.23,0
Books,EUR,89,10,Wed,1.23,1.23,0
Home/Garden,EUR,100,10,Fri,1.23,1.23,0
Computer,EUR,165,10,Wed,1.23,1.23,0
Clothing/Accessories,EUR,279,10,Tue,1.23,1.23,0
Coins/Stamps,EUR,684,10,Wed,1.23,1.23,0
Books,EUR,865,10,Wed,1.23,1.23,0
Books,EUR,865,10,Wed,1.23,1.23,0
Books,EUR,865,10,Wed,1.23,1.23,0
SportingGoods,EUR,865,10,Wed,1.23,1.23,0
Music/Movie/Game,EUR,1075,10,Thu,1.23,1.23,0
Books,EUR,1386,10,Sat,1.23,1.23,0
Music/Movie/Game,EUR,1645,10,Sun,1.23,1.23,0
Music/Movie/Game,EUR,1645,10,Sun,1.23,1.23,0
Collectibles,EUR,1853,10,Tue,1.23,1.23,0
Collectibles,EUR,1853,10,Tue,1.23,1.23,0
Collectibles,EUR,1853,10,Tue,1.23,1.23,0
Collectibles,EUR,2163,10,Fri,1.23,1.23,0
Music/Movie/Game,EUR,2404,10,Sat,1.23,1.23,0
Music/Movie/Game,EUR,2638,10,Mon,1.23,1.23,0
Music/Movie/Game,EUR,2638,10,Tue,1.23,1.23,0
Music/Movie/Game,EUR,2638,10,Tue,1.23,1.23,0
Music/Movie/Game,EUR,2638,10,Tue,1.23,1.23,0
Music/Movie/Game,EUR,3057,10,Mon,1.23,1.23,0
Computer,EUR,3375,10,Thu,1.23,1.23,0
Computer,EUR,3375,10,Thu,1.23,1.23,0
Music/Movie/Game,EUR,5701,10,Mon,1.23,1.23,0
Music/Movie/Game,EUR,5701,10,Sun,1.23,1.23,0
Music/Movie/Game,EUR,5701,10,Sun,1.23,1.23,0
Music/Movie/Game,EUR,5701,10,Sun,1.23,1.23,0
Music/Movie/Game,EUR,5701,10,Sun,1.23,1.23,0
Home/Garden,EUR,5701,10,Tue,1.23,1.23,0
Home/Garden,EUR,5701,10,Wed,1.23,1.23,0
Collectibles,EUR,5701,10,Sun,1.23,1.23,1
Music/Movie/Game,EUR,5701,10,Mon,1.23,1.23,1
Toys/Hobbies,GBP,2991,7,Thu,1.86,1.77,1
Music/Movie/Game,GBP,2991,7,Thu,6.6,0.54,1
Home/Garden,US,533,7,Mon,112.5,0.01,1
Collectibles,US,1,5,Tue,112.52,0.01,1
Collectibles,US,1386,3,Sat,4.75,0.25,1
Home/Garden,GBP,53,7,Thu,2.14,1.77,1
Collectibles,US,2695,7,Sat,1.25,0.99,1
Toys/Hobbies,US,1124,7,Tue,1.25,1.0,1
Music/Movie/Game,GBP,1029,7,Thu,3.03,1.43,1
Toys/Hobbies,GBP,2991,7,Thu,8.39,0.54,1
Home/Garden,GBP,53,7,Thu,2.57,1.77,1
Home/Garden,GBP,2991,7,Thu,2.57,1.77,1
Toys/Hobbies,US,3277,3,Sun,1.5,0.99,1
Electronics,EUR,1550,7,Fri,1.84,1.23,1
Electronics,EUR,1550,7,Fri,1.84,1.23,1
Electronics,EUR,1550,7,Fri,1.84,1.23,1
Electronics,EUR,1550,7,Sat,1.84,1.23,1
Electronics,EUR,1550,7,Mon,1.84,1.23,1
Business/Industrial,EUR,743,10,Fri,1.84,1.23,1
Books,EUR,2163,10,Tue,1.84,1.23,1
Music/Movie/Game,EUR,5701,10,Mon,1.84,1.23,1
Coins/Stamps,GBP,3380,7,Thu,2.23,2.23,0
Home/Garden,GBP,53,7,Thu,2.86,1.77,1
Music/Movie/Game,GBP,2991,7,Thu,9.82,0.54,1
Home/Garden,GBP,53,7,Thu,3.02,1.77,1
Home/Garden,GBP,53,7,Thu,3.03,1.76,1
Music/Movie/Game,GBP,215,7,Thu,3.03,1.76,1
Coins/Stamps,EUR,1033,10,Fri,2.08,1.23,1
Home/Garden,GBP,53,7,Thu,3.12,1.77,1
Home/Garden,GBP,53,7,Thu,3.39,1.77,1
Collectibles,US,1,5,Fri,188.33,0.01,1
Books,EUR,1553,10,Tue,1.71,1.71,0
Toys/Hobbies,GBP,2991,7,Thu,11.6,0.54,1
Electronics,EUR,1550,7,Sat,2.46,1.23,1
Electronics,EUR,1550,7,Wed,2.46,1.23,1
Electronics,EUR,1550,7,Wed,2.46,1.23,1
Music/Movie/Game,EUR,2638,10,Tue,2.46,1.23,1
Home/Garden,GBP,53,7,Thu,3.75,1.77,1
Music/Movie/Game,GBP,1148,3,Thu,3.93,1.77,1
Music/Movie/Game,GBP,1148,3,Thu,3.93,1.77,1
Home/Garden,US,841,5,Mon,2.2,0.99,1
Music/Movie/Game,GBP,118,7,Thu,3.93,1.77,1
Home/Garden,GBP,53,7,Thu,3.94,1.76,1
Music/Movie/Game,EUR,104,7,Mon,1.83,1.83,0
Books,GBP,201,7,Thu,2.66,2.66,0
Antique/Art/Craft,US,945,7,Sun,1.49,1.49,0
Books,GBP,2731,7,Thu,2.66,2.66,0
Books,EUR,1553,10,Tue,1.83,1.83,0
Coins/Stamps,GBP,3380,7,Thu,2.68,2.68,0
Toys/Hobbies,EUR,300,10,Wed,1.84,1.84,0
Toys/Hobbies,EUR,300,10,Wed,1.84,1.84,0
Toys/Hobbies,EUR,300,10,Wed,1.84,1.84,0
Home/Garden,GBP,53,7,Thu,4.28,1.77,1
Home/Garden,GBP,53,7,Thu,4.28,1.77,1
Music/Movie/Game,EUR,1301,5,Fri,3.07,1.23,1
Music/Movie/Game,EUR,104,7,Mon,3.07,1.23,1
Music/Movie/Game,EUR,765,7,Sun,3.07,1.23,1
Books,EUR,1386,10,Sat,3.07,1.23,1
Books,EUR,15,10,Sun,3.09,1.23,1
Music/Movie/Game,GBP,429,3,Thu,3.02,2.66,1
Home/Garden,GBP,53,7,Thu,4.64,1.77,1
Clothing/Accessories,GBP,77,7,Thu,4.82,1.77,1
Music/Movie/Game,US,841,5,Mon,2.78,0.99,1
Home/Garden,GBP,53,7,Thu,5.35,1.77,1
Books,GBP,2731,7,Thu,3.57,2.66,1
Antique/Art/Craft,EUR,1553,10,Tue,2.46,1.83,1
Collectibles,EUR,221,7,Wed,3.69,1.23,1
Clothing/Accessories,EUR,41,10,Sun,3.69,1.23,1
Clothing/Accessories,EUR,41,10,Sun,3.69,1.23,1
Books,EUR,268,10,Sun,2.46,1.85,1
Music/Movie/Game,EUR,5701,10,Fri,3.7,1.23,1
Music/Movie/Game,EUR,3057,10,Mon,3.75,1.23,1
Music/Movie/Game,US,841,5,Mon,3.2,0.99,1
Home/Garden,GBP,53,7,Thu,5.71,1.77,1
Home/Garden,GBP,53,7,Thu,5.71,1.77,1
Jewelry,US,743,3,Sat,3.25,1.0,1
Clothing/Accessories,GBP,2991,7,Thu,20.52,0.54,1
Collectibles,EUR,170,7,Fri,4.3,1.23,1
Clothing/Accessories,EUR,1661,7,Wed,4.33,1.23,1
Toys/Hobbies,EUR,104,10,Fri,4.43,1.23,1
Collectibles,GBP,1954,7,Thu,6.62,1.77,1
Music/Movie/Game,GBP,293,10,Thu,6.62,1.77,1
Music/Movie/Game,GBP,1148,3,Thu,6.66,1.77,1
SportingGoods,US,2378,3,Sun,390.0,0.01,1
Music/Movie/Game,US,841,5,Mon,4.0,0.99,1
Coins/Stamps,US,5564,7,Mon,4.0,0.99,1
Jewelry,EUR,72,1,Thu,2.45,2.45,0
Jewelry,EUR,72,1,Fri,2.45,2.45,0
Computer,EUR,105,3,Sun,2.45,2.45,0
Music/Movie/Game,EUR,681,3,Sat,2.45,2.45,0
Automotive,US,3114,3,Sat,1.99,1.99,0
Clothing/Accessories,EUR,24,7,Sat,2.45,2.45,0
Health/Beauty,EUR,70,7,Fri,2.45,2.45,0
Health/Beauty,EUR,70,7,Sat,2.45,2.45,0
Health/Beauty,EUR,70,7,Mon,2.45,2.45,0
Health/Beauty,EUR,70,7,Wed,2.45,2.45,0
Music/Movie/Game,EUR,104,7,Thu,2.45,2.45,0
Computer,EUR,105,7,Thu,2.45,2.45,0
Music/Movie/Game,EUR,205,7,Fri,2.45,2.45,0
Music/Movie/Game,EUR,205,7,Fri,2.45,2.45,0
Music/Movie/Game,EUR,205,7,Fri,2.45,2.45,0
Music/Movie/Game,EUR,205,7,Fri,2.45,2.45,0
EverythingElse,US,212,7,Fri,1.99,1.99,0
Toys/Hobbies,GBP,2731,7,Thu,3.55,3.55,0
Coins/Stamps,GBP,3380,7,Thu,3.55,3.55,0
Coins/Stamps,GBP,3380,7,Thu,3.55,3.55,0
Toys/Hobbies,US,3385,7,Sat,1.99,1.99,0
Toys/Hobbies,US,3385,7,Sat,1.99,1.99,0
Toys/Hobbies,US,3385,7,Sat,1.99,1.99,0
Toys/Hobbies,US,3385,7,Sat,1.99,1.99,0
Toys/Hobbies,US,3385,7,Sat,1.99,1.99,0
Toys/Hobbies,US,3385,7,Sat,1.99,1.99,0
Toys/Hobbies,US,3385,7,Sat,1.99,1.99,0
Toys/Hobbies,US,3385,7,Sat,1.99,1.99,0
Home/Garden,EUR,5350,7,Sat,2.45,2.45,0
Home/Garden,EUR,5350,7,Mon,2.45,2.45,0
Toys/Hobbies,US,9003,7,Mon,1.99,1.99,0
Antique/Art/Craft,EUR,18,10,Sun,2.45,2.45,0
Antique/Art/Craft,EUR,18,10,Sun,2.45,2.45,0
Antique/Art/Craft,EUR,18,10,Sun,2.45,2.45,1
Toys/Hobbies,EUR,300,10,Wed,2.45,2.45,0
Collectibles,EUR,578,10,Sun,2.45,2.45,0
Collectibles,EUR,578,10,Sun,2.45,2.45,0
Collectibles,EUR,578,10,Mon,2.45,2.45,0
Collectibles,EUR,578,10,Mon,2.45,2.45,0
Collectibles,EUR,578,10,Mon,2.45,2.45,0
Collectibles,EUR,578,10,Mon,2.45,2.45,0
Collectibles,EUR,884,10,Mon,2.45,2.45,1
Collectibles,EUR,884,10,Mon,2.45,2.45,1
Collectibles,EUR,1545,10,Mon,2.45,2.45,0
Collectibles,EUR,1545,10,Mon,2.45,2.45,0
Collectibles,EUR,1545,10,Thu,2.45,2.45,0
Computer,EUR,2382,10,Sun,2.45,2.45,0
Antique/Art/Craft,EUR,2507,10,Sun,2.45,2.45,0
Antique/Art/Craft,EUR,2507,10,Sun,2.45,2.45,0
SportingGoods,EUR,4366,10,Mon,2.45,2.45,0
Automotive,EUR,5701,10,Mon,2.45,2.45,0
Electronics,EUR,5701,10,Fri,2.45,2.45,0
Electronics,EUR,5701,10,Mon,2.45,2.45,0
Music/Movie/Game,EUR,5701,10,Sun,2.45,2.45,0
Music/Movie/Game,EUR,5701,10,Sun,2.45,2.45,0
Toys/Hobbies,EUR,5827,10,Wed,2.45,2.45,0
Toys/Hobbies,EUR,5827,10,Wed,2.45,2.45,0
Toys/Hobbies,EUR,5827,10,Wed,2.45,2.45,0
Music/Movie/Game,US,3277,3,Sun,2.0,2.0,1
Music/Movie/Game,EUR,1301,5,Fri,4.92,1.23,1
Antique/Art/Craft,US,52,7,Fri,2.0,2.0,0
Music/Movie/Game,EUR,130,7,Sun,2.46,2.46,0
Home/Garden,GBP,376,7,Thu,3.57,3.57,0
Collectibles,US,2695,7,Fri,2.0,2.0,0
Collectibles,US,2695,7,Sat,2.0,2.0,0
Collectibles,US,2695,7,Sat,2.0,2.0,0
Collectibles,US,2695,7,Sat,2.0,2.0,0
Collectibles,US,2696,7,Mon,2.0,2.0,0
Antique/Art/Craft,US,4390,7,Mon,2.0,2.0,0
Home/Garden,GBP,53,7,Thu,7.5,1.77,1
Pottery/Glass,GBP,107,10,Thu,7.5,1.77,1
Home/Garden,GBP,53,7,Thu,7.51,1.77,1
Music/Movie/Game,US,841,5,Mon,4.25,0.99,1
Music/Movie/Game,US,841,5,Mon,4.25,0.99,1
Automotive,US,2162,5,Sun,2.24,1.99,1
Toys/Hobbies,US,3385,7,Sat,2.24,1.99,1
Toys/Hobbies,US,3385,7,Sat,2.24,1.99,1
Home/Garden,EUR,54,5,Sat,5.53,1.23,1
Music/Movie/Game,EUR,1301,7,Sun,5.6,1.23,1
Music/Movie/Game,EUR,1301,7,Sun,5.66,1.23,1
Music/Movie/Game,GBP,17,7,Thu,8.39,1.77,1
Music/Movie/Game,GBP,1842,10,Thu,8.39,1.77,1
Collectibles,US,2696,7,Mon,2.34,2.0,1
Collectibles,US,5703,10,Sun,9.57,0.5,1
Toys/Hobbies,EUR,2507,7,Fri,3.06,2.45,1
Collectibles,EUR,1545,10,Mon,3.06,2.45,1
Home/Garden,EUR,5350,5,Fri,3.07,2.44,1
Music/Movie/Game,EUR,205,7,Fri,3.07,2.44,1
Clothing/Accessories,EUR,569,10,Thu,3.07,2.44,1
Collectibles,EUR,1545,10,Mon,3.07,2.44,1
Jewelry,US,1124,3,Sun,2.5,2.0,1
Books,EUR,83,10,Fri,6.47,1.23,1
Coins/Stamps,GBP,3380,7,Thu,4.82,3.55,1
Music/Movie/Game,US,841,5,Mon,5.5,0.99,1
Music/Movie/Game,US,841,5,Mon,5.5,0.99,1
Music/Movie/Game,US,841,5,Mon,5.5,0.99,1
Music/Movie/Game,GBP,17,7,Thu,9.82,1.77,1
Toys/Hobbies,GBP,1768,7,Thu,9.82,1.77,1
Home/Garden,GBP,670,7,Thu,9.83,1.77,1
Toys/Hobbies,US,3385,7,Sat,2.75,1.99,1
Collectibles,US,2695,7,Sat,2.75,2.0,1
Collectibles,EUR,442,10,Wed,6.76,1.23,1
Jewelry,EUR,5701,10,Mon,6.76,1.23,1
Collectibles,GBP,88,7,Thu,9.83,1.78,1
Toys/Hobbies,US,3385,7,Sat,2.8,1.99,1
Music/Movie/Game,US,3277,3,Sun,2.8,2.0,1
Automotive,EUR,526,10,Tue,6.89,1.23,1
Music/Movie/Game,US,841,5,Mon,6.01,0.99,1
Collectibles,EUR,1545,10,Wed,3.69,2.45,1
Collectibles,EUR,1545,10,Tue,3.69,2.45,1
Electronics,EUR,5701,10,Wed,3.69,2.45,1
Computer,EUR,863,10,Fri,3.7,2.45,1
Automotive,EUR,526,10,Thu,7.39,1.23,1
Collectibles,EUR,1545,10,Mon,3.73,2.45,1
Collectibles,EUR,920,3,Fri,7.59,1.23,1
Music/Movie/Game,GBP,105,7,Thu,4.44,4.44,0
Music/Movie/Game,GBP,105,7,Thu,4.44,4.44,0
Toys/Hobbies,US,3277,3,Sun,6.27,0.99,1
Collectibles,US,510,3,Sun,2.5,2.5,0
Computer,US,366,5,Mon,2.5,2.5,0
Home/Garden,EUR,1402,7,Fri,3.07,3.07,0
Coins/Stamps,EUR,300,10,Wed,3.87,2.44,1
Music/Movie/Game,GBP,118,7,Thu,11.6,1.77,1
Music/Movie/Game,EUR,548,10,Tue,7.98,1.23,1
Automotive,EUR,526,10,Wed,7.99,1.23,1
Automotive,EUR,526,10,Sat,7.99,1.23,1
Collectibles,EUR,433,5,Fri,4.06,2.45,1
SportingGoods,GBP,118,7,Thu,11.96,1.77,1
Music/Movie/Game,GBP,105,7,Thu,4.8,4.44,1
Toys/Hobbies,US,3277,3,Sun,7.0,0.99,1
Music/Movie/Game,EUR,205,7,Fri,4.3,2.44,1
Automotive,EUR,526,10,Mon,8.61,1.23,1
Music/Movie/Game,EUR,205,7,Fri,4.37,2.45,1
Toys/Hobbies,US,35,1,Fri,710.0,0.01,1
Electronics,EUR,5701,10,Sun,4.43,2.45,1
Music/Movie/Game,GBP,17,7,Thu,12.94,1.77,1
Music/Movie/Game,GBP,105,7,Thu,5.16,4.45,1
Coins/Stamps,US,1054,5,Mon,9.38,0.77,1
Collectibles,EUR,170,7,Fri,9.22,1.23,1
Jewelry,US,225,7,Mon,750.0,0.01,1
Clothing/Accessories,EUR,18,10,Sun,9.22,1.23,1
Automotive,EUR,526,10,Fri,9.24,1.23,1
Toys/Hobbies,US,3385,7,Sat,2.75,2.75,0
Toys/Hobbies,US,3385,7,Sat,2.75,2.75,0
Toys/Hobbies,US,3385,7,Sat,2.75,2.75,0
Toys/Hobbies,US,3385,7,Sat,2.75,2.75,0
Toys/Hobbies,US,3385,7,Sat,2.75,2.75,0
Toys/Hobbies,US,3385,7,Sat,2.75,2.75,0
Toys/Hobbies,US,3385,7,Sat,2.75,2.75,0
Toys/Hobbies,US,3385,7,Sat,2.75,2.75,0
Toys/Hobbies,US,3385,7,Sat,2.75,2.75,0
Toys/Hobbies,US,3385,7,Sat,2.75,2.75,0
Toys/Hobbies,US,3385,7,Sat,2.75,2.75,0
Toys/Hobbies,US,3385,7,Sat,2.75,2.75,0
Toys/Hobbies,US,3385,7,Sat,2.75,2.75,0
Toys/Hobbies,US,3385,7,Sat,2.75,2.75,0
Toys/Hobbies,US,3385,7,Sat,2.75,2.75,0
Toys/Hobbies,US,3385,7,Sat,2.75,2.75,0
Coins/Stamps,US,5564,7,Sat,2.79,2.79,0
Music/Movie/Game,US,841,5,Mon,8.0,0.99,1
Music/Movie/Game,GBP,118,7,Thu,14.28,1.77,1
Music/Movie/Game,GBP,105,7,Thu,5.71,4.44,1
Collectibles,EUR,578,10,Mon,4.93,2.45,1
Computer,EUR,113,7,Tue,9.84,1.23,1
Toys/Hobbies,GBP,293,10,Thu,5.71,4.46,1
Toys/Hobbies,EUR,638,10,Sun,9.86,1.23,1
Electronics,US,2956,3,Fri,81.55,0.1,1
Collectibles,GBP,18,7,Thu,9.82,2.68,1
SportingGoods,GBP,79,7,Thu,15.15,1.77,1
Computer,US,411,5,Mon,8.5,0.99,1
Collectibles,EUR,170,7,Thu,10.45,1.23,1
SportingGoods,US,2378,1,Fri,860.0,0.01,1
Collectibles,US,119,10,Sat,860.0,0.01,1
EverythingElse,GBP,232,3,Thu,5.34,5.34,0
Books,US,638,3,Sat,2.99,2.99,0
Clothing/Accessories,EUR,315,7,Sat,3.68,3.68,0
Coins/Stamps,GBP,3380,7,Thu,5.34,5.34,0
Coins/Stamps,GBP,3380,7,Thu,5.34,5.34,0
Coins/Stamps,GBP,3380,7,Thu,5.34,5.34,0
Collectibles,US,3385,7,Sat,2.99,2.99,0
Antique/Art/Craft,US,3613,7,Sun,2.99,2.99,0
Books,US,3613,7,Sun,2.99,2.99,1
Antique/Art/Craft,US,4390,7,Fri,2.99,2.99,1
Coins/Stamps,US,5564,7,Fri,2.99,2.99,0
Coins/Stamps,US,5564,7,Fri,2.99,2.99,0
Collectibles,US,9003,7,Sun,2.99,2.99,0
EverythingElse,US,9003,7,Mon,2.99,2.99,0
SportingGoods,US,9003,7,Sun,2.99,2.99,0
SportingGoods,US,9003,7,Mon,2.99,2.99,0
Collectibles,US,25433,7,Sat,2.99,2.99,0
Toys/Hobbies,EUR,842,10,Tue,11.01,1.23,1
Collectibles,EUR,1545,10,Tue,5.53,2.45,1
Toys/Hobbies,US,3277,3,Sun,3.0,3.0,0
Toys/Hobbies,US,3277,3,Sun,3.0,3.0,0
Music/Movie/Game,GBP,197,7,Thu,5.35,5.35,0
Toys/Hobbies,EUR,508,7,Sun,11.07,1.23,1
Antique/Art/Craft,EUR,618,7,Mon,3.69,3.69,0
Jewelry,GBP,2189,7,Thu,5.35,5.35,0
Collectibles,US,2696,7,Mon,3.0,3.0,0
Music/Movie/Game,GBP,1842,10,Thu,5.35,5.35,0
Music/Movie/Game,GBP,1842,10,Thu,5.35,5.35,0
Music/Movie/Game,EUR,5701,10,Wed,11.07,1.23,1
Toys/Hobbies,EUR,3090,10,Tue,5.58,2.45,1
Toys/Hobbies,EUR,5827,10,Wed,5.72,2.45,1
Music/Movie/Game,GBP,2991,7,Thu,55.33,0.54,1
Music/Movie/Game,US,471,5,Mon,9.5,0.99,1
Music/Movie/Game,US,841,5,Mon,9.5,0.99,1
Jewelry,US,743,3,Sat,9.72,1.0,1
Collectibles,US,2695,7,Sat,3.25,3.0,1
Music/Movie/Game,GBP,1148,3,Thu,17.85,1.77,1
Music/Movie/Game,US,841,5,Mon,10.0,0.99,1
Collectibles,EUR,1545,10,Mon,6.15,2.45,1
Collectibles,EUR,1545,10,Mon,6.15,2.45,1
Collectibles,EUR,1545,10,Mon,6.15,2.45,1
Toys/Hobbies,EUR,508,7,Sun,12.3,1.23,1
Music/Movie/Game,GBP,1148,3,Thu,18.74,1.77,1
Music/Movie/Game,US,841,5,Mon,10.5,0.99,1
Music/Movie/Game,GBP,17,7,Thu,18.74,1.77,1
Coins/Stamps,US,1054,5,Mon,13.51,0.77,1
Music/Movie/Game,US,193,5,Sat,10.52,0.99,1
Music/Movie/Game,US,841,5,Mon,10.55,0.99,1
Toys/Hobbies,EUR,508,7,Sun,12.91,1.23,1
Music/Movie/Game,EUR,1853,7,Fri,4.3,3.69,1
Music/Movie/Game,EUR,1853,7,Fri,4.3,3.69,1
Antique/Art/Craft,US,4390,7,Fri,3.27,3.27,0
Home/Garden,EUR,4366,7,Fri,6.76,2.45,1
Electronics,EUR,5701,10,Tue,6.76,2.45,1
Jewelry,GBP,1180,7,Thu,9.82,3.57,1
Toys/Hobbies,US,3385,7,Sat,4.0,2.75,1
Business/Industrial,US,1265,7,Sat,3.35,3.35,0
Business/Industrial,US,1266,7,Sun,3.35,3.35,0
Music/Movie/Game,GBP,1148,3,Thu,20.52,1.77,1
Home/Garden,US,390,5,Mon,11.5,0.99,1
Computer,US,2711,5,Sat,11.5,0.99,1
Jewelry,EUR,2168,7,Mon,14.14,1.23,1
Collectibles,EUR,1545,10,Tue,7.13,2.45,1
Home/Garden,EUR,266,5,Sat,14.28,1.23,1
Music/Movie/Game,GBP,105,7,Thu,8.39,4.44,1
Toys/Hobbies,EUR,3090,10,Tue,7.38,2.45,1
Toys/Hobbies,EUR,269,10,Tue,14.72,1.23,1
Collectibles,EUR,1545,10,Mon,7.43,2.45,1
Antique/Art/Craft,US,945,7,Sun,3.49,3.49,0
Antique/Art/Craft,US,2349,10,Sun,20.5,0.6,1
Home/Garden,EUR,5701,10,Tue,15.37,1.23,1
Music/Movie/Game,GBP,197,7,Thu,7.5,5.36,1
Health/Beauty,US,2459,7,Sat,4.24,2.99,1
Jewelry,US,1322,7,Tue,12.83,0.99,1
Music/Movie/Game,GBP,17,7,Thu,23.22,1.77,1
Jewelry,EUR,89,10,Wed,8.01,2.45,1
Toys/Hobbies,EUR,3090,10,Tue,8.01,2.45,1
Antique/Art/Craft,US,2349,7,Fri,3.6,3.6,0
Antique/Art/Craft,US,2349,7,Fri,3.6,3.6,0
Antique/Art/Craft,US,2349,7,Fri,3.6,3.6,0
Antique/Art/Craft,US,2349,7,Fri,3.6,3.6,0
Antique/Art/Craft,US,2349,7,Fri,3.6,3.6,0
Antique/Art/Craft,US,2349,7,Fri,3.6,3.6,0
Antique/Art/Craft,US,2349,7,Fri,3.6,3.6,0
Antique/Art/Craft,US,2349,7,Fri,3.6,3.6,0
Antique/Art/Craft,US,2349,7,Sat,3.6,3.6,0
Antique/Art/Craft,US,2349,7,Sun,3.6,3.6,0
Antique/Art/Craft,US,2349,7,Sun,3.6,3.6,0
Antique/Art/Craft,US,2349,7,Sun,3.6,3.6,0
Antique/Art/Craft,US,2349,7,Mon,3.6,3.6,0
Antique/Art/Craft,US,2349,7,Mon,3.6,3.6,0
Antique/Art/Craft,US,2349,7,Tue,3.6,3.6,0
Antique/Art/Craft,US,2349,7,Tue,3.6,3.6,0
Antique/Art/Craft,US,2349,7,Fri,3.6,3.6,1
Antique/Art/Craft,US,2349,7,Sat,3.6,3.6,1
Jewelry,GBP,1180,7,Thu,11.6,3.57,1
Collectibles,EUR,1545,10,Fri,8.28,2.45,1
Collectibles,EUR,170,7,Fri,16.6,1.23,1
Music/Movie/Game,EUR,1301,7,Sun,17.01,1.23,1
Antique/Art/Craft,US,2349,7,Fri,3.85,3.6,1
Antique/Art/Craft,US,2349,7,Fri,3.85,3.6,1
Antique/Art/Craft,US,2349,7,Fri,3.85,3.6,1
Antique/Art/Craft,US,2349,7,Sat,3.85,3.6,1
Antique/Art/Craft,US,2349,7,Sun,3.85,3.6,1
Antique/Art/Craft,US,2349,7,Sun,3.85,3.6,1
Toys/Hobbies,US,3385,7,Sat,3.75,3.75,0
Toys/Hobbies,US,3385,7,Sat,3.75,3.75,0
Toys/Hobbies,US,3385,7,Sat,3.75,3.75,0
Music/Movie/Game,GBP,105,7,Thu,10.08,4.44,1
Antique/Art/Craft,EUR,2507,7,Fri,8.71,2.45,1
Collectibles,EUR,1545,10,Tue,8.72,2.45,1
SportingGoods,EUR,5701,10,Wed,8.76,2.45,1
Collectibles,US,2220,5,Mon,14.5,0.99,1
Clothing/Accessories,EUR,37,3,Thu,17.83,1.23,1
Music/Movie/Game,EUR,915,5,Fri,17.86,1.23,1
Antique/Art/Craft,US,2349,7,Mon,4.12,3.6,1
Clothing/Accessories,EUR,174,10,Fri,9.22,2.45,1
Collectibles,EUR,1545,10,Mon,9.22,2.45,1
Collectibles,EUR,1545,10,Mon,9.22,2.45,1
Clothing/Accessories,EUR,299,7,Thu,6.15,3.68,1
Home/Garden,EUR,71,7,Thu,18.58,1.23,1
Toys/Hobbies,US,9003,5,Sat,3.89,3.89,0
Jewelry,US,9003,7,Mon,3.89,3.89,0
Toys/Hobbies,US,3385,7,Sat,5.51,2.75,1
Collectibles,EUR,578,10,Mon,9.42,2.45,1
Antique/Art/Craft,US,2349,7,Mon,4.24,3.6,1
Collectibles,EUR,578,10,Mon,9.47,2.45,1
Computer,US,454,5,Mon,15.5,0.99,1
Computer,US,18,7,Mon,15.51,0.99,1
Clothing/Accessories,EUR,519,5,Mon,19.06,1.23,1
Toys/Hobbies,US,3385,7,Sat,5.69,2.75,1
Antique/Art/Craft,US,2349,7,Fri,4.35,3.6,1
Antique/Art/Craft,US,2349,7,Tue,4.36,3.6,1
Antique/Art/Craft,US,2349,7,Tue,4.36,3.6,1
Antique/Art/Craft,US,2349,7,Fri,4.36,3.6,1
Collectibles,EUR,1545,10,Mon,9.84,2.45,1
EverythingElse,GBP,232,3,Thu,7.12,7.12,1
Books,US,638,5,Mon,3.99,3.99,0
Clothing/Accessories,EUR,141,7,Fri,4.91,4.91,0
Health/Beauty,US,1155,7,Fri,3.99,3.99,0
Health/Beauty,US,1155,7,Sat,3.99,3.99,0
Health/Beauty,US,1155,7,Tue,3.99,3.99,0
Books,US,1464,7,Sun,3.99,3.99,0
Books,US,1809,7,Sun,3.99,3.99,0
Toys/Hobbies,US,3385,7,Sat,3.99,3.99,0
Toys/Hobbies,US,3385,7,Sat,3.99,3.99,0
Toys/Hobbies,US,3385,7,Sat,3.99,3.99,1
Collectibles,US,3613,7,Sun,3.99,3.99,0
Clothing/Accessories,US,3613,7,Sun,3.99,3.99,0
Home/Garden,US,3613,7,Sun,3.99,3.99,0
Home/Garden,US,3613,7,Sun,3.99,3.99,0
Antique/Art/Craft,US,3613,7,Sun,3.99,3.99,0
Antique/Art/Craft,US,3613,7,Sun,3.99,3.99,0
Pottery/Glass,US,3613,7,Sun,3.99,3.99,1
Antique/Art/Craft,US,4390,7,Mon,3.99,3.99,0
Antique/Art/Craft,US,4390,7,Mon,3.99,3.99,0
Antique/Art/Craft,US,4390,7,Mon,3.99,3.99,0
Antique/Art/Craft,US,4390,7,Fri,3.99,3.99,0
Collectibles,US,9003,7,Sat,3.99,3.99,0
Music/Movie/Game,US,9003,7,Mon,3.99,3.99,0
Music/Movie/Game,US,9003,7,Mon,3.99,3.99,0
Music/Movie/Game,US,9003,7,Mon,3.99,3.99,0
Home/Garden,US,9003,7,Sat,3.99,3.99,0
Jewelry,US,25433,7,Mon,3.99,3.99,0
Jewelry,US,25433,7,Mon,3.99,3.99,0
Jewelry,US,25433,7,Mon,3.99,3.99,0
Jewelry,US,25433,7,Mon,3.99,3.99,0
Toys/Hobbies,US,3277,3,Sun,4.0,4.0,0
Collectibles,GBP,18,7,Thu,7.14,7.14,0
Books,US,115,7,Sun,4.0,4.0,0
Antique/Art/Craft,EUR,277,7,Sun,4.92,4.92,0
Jewelry,GBP,1180,7,Thu,14.28,3.57,1
SportingGoods,US,1265,7,Fri,4.0,4.0,0
Books,EUR,321,10,Wed,4.92,4.92,0
Toys/Hobbies,EUR,508,7,Sun,19.8,1.23,1
Music/Movie/Game,GBP,105,7,Thu,11.6,4.44,1
Antique/Art/Craft,US,2349,7,Mon,4.51,3.6,1
Home/Garden,EUR,1405,10,Mon,10.08,2.45,1
Business/Industrial,US,8101,3,Sun,16.5,0.99,1
Toys/Hobbies,EUR,889,3,Fri,20.14,1.23,1
Collectibles,US,3385,7,Sat,5.5,2.99,1
Collectibles,US,3385,7,Sat,5.5,2.99,1
Business/Industrial,EUR,124,7,Wed,20.29,1.23,1
Antique/Art/Craft,US,2349,7,Tue,28.04,0.6,1
SportingGoods,US,27132,5,Mon,17.01,0.99,1
Books,US,3864,7,Tue,4.24,3.99,1
Antique/Art/Craft,US,2349,7,Tue,4.7,3.6,1
Books,US,3613,7,Sun,4.25,3.99,1
Antique/Art/Craft,US,3613,7,Sun,4.25,3.99,1
Jewelry,US,25433,7,Mon,4.25,3.99,1
SportingGoods,US,1266,7,Sun,4.25,4.0,1
Pottery/Glass,US,5721,3,Sat,4.15,4.15,0
Antique/Art/Craft,US,2349,7,Fri,4.81,3.6,1
Clothing/Accessories,EUR,1179,10,Wed,21.52,1.23,1
Music/Movie/Game,EUR,657,10,Tue,21.55,1.23,1
Antique/Art/Craft,US,2349,7,Tue,4.94,3.6,1
Music/Movie/Game,EUR,351,10,Tue,5.53,4.9,1
Music/Movie/Game,EUR,1634,10,Wed,5.53,4.9,1
Clothing/Accessories,EUR,519,7,Wed,22.14,1.23,1
Music/Movie/Game,EUR,657,10,Tue,22.14,1.23,1
Antique/Art/Craft,US,2349,7,Fri,5.01,3.6,1
Toys/Hobbies,US,3385,7,Sat,5.02,3.75,1
SportingGoods,US,27132,5,Mon,19.02,0.99,1
Collectibles,EUR,1545,10,Mon,11.68,2.45,1
Collectibles,EUR,1545,10,Fri,11.68,2.45,1
Home/Garden,GBP,53,7,Thu,17.4,3.55,1
Collectibles,US,3385,7,Sat,6.5,2.99,1
Clothing/Accessories,EUR,241,7,Sun,23.97,1.23,1
Music/Movie/Game,US,123,7,Tue,6.5,3.0,1
Toys/Hobbies,US,3277,3,Sun,5.6,3.5,1
Antique/Art/Craft,US,2349,7,Mon,32.69,0.6,1
Antique/Art/Craft,US,2349,7,Fri,5.5,3.6,1
Antique/Art/Craft,US,2349,7,Fri,5.5,3.6,1
Antique/Art/Craft,US,2349,7,Mon,5.51,3.6,1
Photography,GBP,71,7,Thu,17.85,3.55,1
Collectibles,EUR,227,7,Sat,12.3,2.45,1
Music/Movie/Game,EUR,657,10,Tue,6.16,4.92,1
Health/Beauty,US,1155,7,Sun,4.49,4.49,0
Antique/Art/Craft,US,2349,7,Fri,5.61,3.6,1
Antique/Art/Craft,US,2349,7,Fri,5.61,3.6,1
Antique/Art/Craft,US,3277,3,Sun,4.5,4.5,0
Collectibles,US,4397,7,Sat,4.5,4.5,0
Antique/Art/Craft,US,4397,7,Sat,4.5,4.5,0
Antique/Art/Craft,US,4397,7,Sat,4.5,4.5,0
Computer,EUR,335,1,Thu,25.21,1.23,1
SportingGoods,EUR,5701,10,Wed,25.38,1.23,1
Electronics,EUR,5701,10,Mon,25.62,1.23,1
Home/Garden,EUR,739,3,Sat,12.9,2.45,1
Music/Movie/Game,EUR,205,7,Fri,12.91,2.45,1
Toys/Hobbies,EUR,996,7,Tue,12.91,2.45,1
Collectibles,EUR,1545,10,Mon,12.91,2.45,1
Collectibles,EUR,1545,10,Mon,12.91,2.45,1
SportingGoods,EUR,478,7,Sat,12.97,2.45,1
Collectibles,GBP,88,7,Thu,37.51,1.78,1
Antique/Art/Craft,US,4390,7,Mon,5.27,3.99,1
Books,EUR,415,10,Sat,26.3,1.23,1
Toys/Hobbies,US,3385,7,Sat,5.76,3.75,1
Antique/Art/Craft,US,2349,7,Tue,6.01,3.6,1
Books,US,650,7,Fri,4.85,4.5,1
Collectibles,EUR,1179,10,Wed,26.92,1.23,1
Collectibles,US,337,7,Sun,5.5,3.99,1
Music/Movie/Game,EUR,6621,10,Tue,6.76,4.9,1
Music/Movie/Game,US,9003,7,Fri,5.51,3.99,1
Toys/Hobbies,US,322,5,Sun,5.5,4.0,1
Collectibles,US,2089,3,Sun,22.5,0.99,1
Collectibles,EUR,442,7,Sun,27.4,1.23,1
Antique/Art/Craft,US,2349,7,Tue,6.19,3.6,1
SportingGoods,EUR,5350,7,Mon,6.97,4.9,1
Antique/Art/Craft,US,2349,7,Fri,6.4,3.6,1
Toys/Hobbies,US,3385,7,Sat,8.53,2.75,1
SportingGoods,US,1266,7,Mon,4.89,4.89,0
Clothing/Accessories,EUR,3375,10,Thu,14.76,2.46,0
Toys/Hobbies,US,3277,3,Sun,8.01,3.0,1
Collectibles,US,843,10,Sat,6.05,4.0,1
Home/Garden,EUR,739,3,Thu,15.1,2.45,1
Health/Beauty,US,1059,5,Sat,4.95,4.95,0
Toys/Hobbies,US,3385,7,Sat,4.95,4.95,0
Toys/Hobbies,US,3385,7,Sat,4.95,4.95,0
Toys/Hobbies,US,3385,7,Sat,4.95,4.95,0
Toys/Hobbies,US,3385,7,Sat,4.95,4.95,0
Toys/Hobbies,US,3385,7,Sat,4.95,4.95,0
Antique/Art/Craft,US,4390,7,Fri,4.95,4.95,0
Jewelry,US,25433,7,Mon,4.95,4.95,0
Jewelry,US,25433,7,Mon,4.95,4.95,0
Antique/Art/Craft,US,2349,7,Fri,6.89,3.6,1
Toys/Hobbies,US,8100,1,Fri,4.99,4.99,0
Music/Movie/Game,US,50,3,Sat,4.99,4.99,0
SportingGoods,US,237,3,Sat,4.99,4.99,0
Antique/Art/Craft,US,4398,5,Sun,4.99,4.99,0
Health/Beauty,US,4398,5,Sun,4.99,4.99,0
Health/Beauty,US,4398,5,Mon,4.99,4.99,0
Clothing/Accessories,EUR,141,7,Thu,6.14,6.14,0
Clothing/Accessories,EUR,141,7,Thu,6.14,6.14,0
Music/Movie/Game,GBP,309,7,Thu,8.91,8.91,0
Music/Movie/Game,GBP,632,7,Thu,8.91,8.91,0
Music/Movie/Game,GBP,632,7,Thu,8.91,8.91,0
Music/Movie/Game,GBP,632,7,Thu,8.91,8.91,0
Jewelry,US,945,7,Sun,4.99,4.99,0
Health/Beauty,US,1155,7,Fri,4.99,4.99,0
Health/Beauty,US,1155,7,Fri,4.99,4.99,0
Health/Beauty,US,1155,7,Sun,4.99,4.99,0
Health/Beauty,US,1155,7,Sun,4.99,4.99,0
Health/Beauty,US,1155,7,Mon,4.99,4.99,0
Toys/Hobbies,US,1375,7,Sat,4.99,4.99,0
Collectibles,US,1375,7,Sat,4.99,4.99,0
Automotive,GBP,1390,7,Thu,8.91,8.91,0
Pottery/Glass,US,1809,7,Sun,4.99,4.99,0
Music/Movie/Game,US,3227,7,Sat,4.99,4.99,0
Music/Movie/Game,US,3227,7,Sun,4.99,4.99,0
Toys/Hobbies,US,3385,7,Sat,4.99,4.99,0
Toys/Hobbies,US,3385,7,Sat,4.99,4.99,0
Antique/Art/Craft,US,4390,7,Mon,4.99,4.99,0
Antique/Art/Craft,US,4390,7,Mon,4.99,4.99,0
Collectibles,US,4397,7,Fri,4.99,4.99,0
Collectibles,US,4397,7,Sat,4.99,4.99,0
Antique/Art/Craft,US,4397,7,Fri,4.99,4.99,0
Antique/Art/Craft,US,4397,7,Sat,4.99,4.99,0
Antique/Art/Craft,US,4398,7,Tue,4.99,4.99,0
Music/Movie/Game,US,9003,7,Mon,4.99,4.99,0
Music/Movie/Game,US,9003,7,Mon,4.99,4.99,0
Music/Movie/Game,US,9003,7,Mon,4.99,4.99,0
Music/Movie/Game,US,9003,7,Mon,4.99,4.99,0
Music/Movie/Game,EUR,351,10,Tue,6.14,6.14,0
Music/Movie/Game,GBP,365,10,Thu,8.91,8.91,0
Coins/Stamps,EUR,1017,10,Wed,6.14,6.14,0
Music/Movie/Game,EUR,1634,10,Mon,6.14,6.14,0
Music/Movie/Game,EUR,1634,10,Wed,6.14,6.14,0
Collectibles,EUR,533,3,Thu,6.15,6.15,0
Toys/Hobbies,US,3277,3,Sun,5.0,5.0,0
Toys/Hobbies,US,3277,3,Sun,5.0,5.0,0
SportingGoods,EUR,149,5,Tue,6.15,6.15,0
Toys/Hobbies,EUR,183,5,Sat,6.15,6.15,0
Home/Garden,US,326,5,Mon,5.0,5.0,0
Music/Movie/Game,US,673,7,Sun,5.0,5.0,0
Collectibles,EUR,1853,7,Fri,6.15,6.15,0
Collectibles,EUR,1853,7,Fri,6.15,6.15,0
Music/Movie/Game,EUR,1853,7,Fri,6.15,6.15,0
Collectibles,US,2696,7,Mon,5.0,5.0,0
Music/Movie/Game,US,5202,7,Mon,5.0,5.0,0
Books,EUR,5,10,Wed,6.15,6.15,0
Antique/Art/Craft,EUR,18,10,Sun,6.15,6.15,1
Toys/Hobbies,EUR,183,10,Thu,6.15,6.15,0
Books,EUR,294,10,Tue,6.15,6.15,0
Business/Industrial,EUR,756,10,Tue,6.15,6.15,0
Toys/Hobbies,EUR,765,10,Sat,6.15,6.15,0
Toys/Hobbies,EUR,765,10,Sat,6.15,6.15,0
Music/Movie/Game,EUR,1853,10,Tue,6.15,6.15,0
SportingGoods,US,1266,7,Mon,5.14,4.89,1
Antique/Art/Craft,US,2349,7,Mon,7.0,3.6,1
Home/Garden,EUR,730,3,Sat,31.01,1.23,1
SportingGoods,US,27132,5,Mon,25.65,0.99,1
Computer,US,454,3,Sat,26.0,0.99,1
Toys/Hobbies,EUR,2403,5,Mon,31.69,1.23,1
Toys/Hobbies,EUR,996,7,Tue,15.99,2.45,1
Antique/Art/Craft,US,4390,7,Mon,6.5,3.99,1
Music/Movie/Game,US,9003,7,Mon,5.24,4.99,1
Coins/Stamps,US,1054,5,Mon,34.19,0.77,1
Toys/Hobbies,EUR,2403,5,Mon,32.59,1.23,1
Photography,US,1004,3,Fri,26.78,0.99,1
SportingGoods,US,1265,7,Fri,5.5,4.85,1
Clothing/Accessories,EUR,569,10,Thu,16.59,2.45,1
Antique/Art/Craft,US,2349,7,Tue,7.5,3.6,1
Home/Garden,EUR,1635,10,Fri,33.67,1.23,1
Music/Movie/Game,EUR,286,5,Sat,33.82,1.23,1
Collectibles,EUR,533,7,Fri,6.76,6.15,1
Clothing/Accessories,EUR,595,7,Mon,33.82,1.23,1
Business/Industrial,EUR,5701,10,Mon,33.83,1.23,1
Antique/Art/Craft,US,4398,3,Sat,5.25,5.25,0
Health/Beauty,US,4397,7,Fri,5.25,5.25,0
Home/Garden,US,2168,3,Sat,28.0,0.99,1
SportingGoods,US,27132,5,Mon,28.03,0.99,1
Antique/Art/Craft,EUR,1310,5,Sun,6.85,6.15,1
Home/Garden,EUR,1635,10,Wed,34.68,1.23,1
Home/Garden,EUR,1635,10,Wed,34.68,1.23,1
Computer,EUR,1,5,Mon,35.05,1.23,1
Books,US,3864,7,Mon,9.59,2.99,1
Antique/Art/Craft,US,2349,7,Fri,8.0,3.6,1
Home/Garden,EUR,1405,10,Mon,17.83,2.45,1
Pottery/Glass,US,380,7,Fri,6.5,4.5,1
Clothing/Accessories,EUR,595,7,Mon,36.28,1.23,1
Business/Industrial,US,8101,3,Sun,30.0,0.99,1
Antique/Art/Craft,US,2349,7,Mon,8.26,3.6,1
Books,US,3613,7,Sun,7.5,3.99,1
Toys/Hobbies,US,8100,1,Fri,6.0,4.99,1
Music/Movie/Game,GBP,197,7,Thu,17.85,5.36,1
Music/Movie/Game,GBP,200,7,Thu,10.71,8.93,1
Antique/Art/Craft,US,4390,7,Mon,5.49,5.49,0
Antique/Art/Craft,US,4390,7,Mon,5.49,5.49,0
Toys/Hobbies,US,3277,3,Sun,10.05,3.0,1
Toys/Hobbies,US,3385,7,Sat,6.05,4.99,1
Clothing/Accessories,EUR,2016,5,Mon,7.5,6.09,1
Collectibles,US,4398,5,Sun,5.5,5.5,0
Toys/Hobbies,EUR,58,7,Sun,6.76,6.76,0
Antique/Art/Craft,US,4390,7,Mon,5.52,5.52,0
Electronics,EUR,110,5,Sun,37.5,1.23,1
Clothing/Accessories,EUR,595,7,Mon,37.51,1.23,1
Home/Garden,EUR,1635,10,Wed,37.51,1.23,1
Collectibles,EUR,1179,10,Wed,37.61,1.23,1
Antique/Art/Craft,US,2349,7,Sun,8.5,3.6,1
Antique/Art/Craft,US,2349,7,Mon,8.5,3.6,1
Antique/Art/Craft,US,2349,7,Fri,8.5,3.6,1
Automotive,US,8101,3,Sun,30.99,0.99,1
SportingGoods,US,27132,5,Mon,30.99,0.99,1
SportingGoods,US,27132,5,Mon,31.0,0.99,1
Antique/Art/Craft,US,2349,7,Tue,8.75,3.6,1
Coins/Stamps,GBP,507,7,Thu,57.11,1.77,1
Computer,EUR,199,7,Sun,19.98,2.45,1
Antique/Art/Craft,US,2349,7,Mon,9.0,3.6,1
Music/Movie/Game,GBP,197,7,Thu,11.6,8.91,1
EverythingElse,US,1265,7,Fri,5.7,5.7,0
EverythingElse,US,1266,7,Mon,5.7,5.7,0
Clothing/Accessories,EUR,595,7,Mon,39.97,1.23,1
Toys/Hobbies,EUR,638,10,Wed,39.97,1.23,1
Antique/Art/Craft,US,2349,7,Tue,9.11,3.6,1
Collectibles,US,2220,3,Sat,33.14,0.99,1
Clothing/Accessories,EUR,595,7,Mon,40.58,1.23,1
Collectibles,US,25433,3,Sun,5.75,5.75,0
Antique/Art/Craft,US,4398,5,Mon,5.75,5.75,0
Antique/Art/Craft,US,4390,7,Mon,5.75,5.75,0
Antique/Art/Craft,US,2349,7,Mon,9.26,3.6,1
Music/Movie/Game,GBP,632,7,Thu,11.96,8.91,1
Clothing/Accessories,EUR,595,10,Sun,41.2,1.23,1
SportingGoods,US,31,7,Mon,34.0,0.99,1
Collectibles,US,2220,3,Sat,34.06,0.99,1
SportingGoods,US,27132,5,Mon,34.12,0.99,1
Toys/Hobbies,US,3277,3,Sun,8.5,4.0,1
Toys/Hobbies,EUR,58,10,Wed,8.65,6.15,1
Antique/Art/Craft,US,2349,7,Tue,9.8,3.6,1
Toys/Hobbies,US,3385,7,Sat,11.8,2.99,1
Jewelry,US,25433,1,Fri,5.95,5.95,0
Home/Garden,EUR,1405,10,Mon,22.14,2.45,1
Clothing/Accessories,EUR,2038,5,Tue,22.15,2.45,1
Music/Movie/Game,GBP,265,1,Thu,10.69,10.69,0
Collectibles,US,76,3,Sun,5.99,5.99,0
Toys/Hobbies,US,809,3,Sat,5.99,5.99,0
Music/Movie/Game,US,1215,5,Mon,5.99,5.99,0
Music/Movie/Game,US,3955,5,Mon,5.99,5.99,0
Collectibles,US,4398,5,Sun,5.99,5.99,0
Jewelry,US,25433,5,Mon,5.99,5.99,0
Health/Beauty,US,1155,7,Fri,5.99,5.99,0
Health/Beauty,US,1155,7,Fri,5.99,5.99,0
Health/Beauty,US,1155,7,Sat,5.99,5.99,0
Health/Beauty,US,1155,7,Sun,5.99,5.99,0
Health/Beauty,US,1155,7,Sun,5.99,5.99,0
Health/Beauty,US,1155,7,Sun,5.99,5.99,0
Health/Beauty,US,1155,7,Tue,5.99,5.99,0
Books,US,2191,7,Mon,5.99,5.99,0
Music/Movie/Game,US,3227,7,Mon,5.99,5.99,0
Antique/Art/Craft,US,4390,7,Mon,5.99,5.99,0
Health/Beauty,US,4397,7,Fri,5.99,5.99,0
Music/Movie/Game,US,14479,7,Sun,5.99,5.99,0
Music/Movie/Game,EUR,1634,10,Mon,7.37,7.37,0
Automotive,US,10067,3,Sat,6.0,6.0,0
Music/Movie/Game,EUR,657,10,Tue,7.38,7.38,0
Collectibles,EUR,1304,10,Fri,7.38,7.38,0
Collectibles,EUR,1304,10,Fri,7.38,7.38,0
Clothing/Accessories,EUR,1351,5,Sun,44.28,1.23,1
Home/Garden,EUR,157,7,Fri,22.15,2.46,1
Clothing/Accessories,US,421,5,Sat,7.25,4.99,1
Collectibles,US,2220,3,Sat,36.55,0.99,1
Antique/Art/Craft,US,2349,7,Tue,10.11,3.6,1
SportingGoods,GBP,955,7,Thu,66.03,1.78,1
Jewelry,EUR,637,10,Tue,15.86,3.57,0
Clothing/Accessories,EUR,595,7,Mon,46.12,1.23,1
Computer,GBP,21,7,Thu,22.33,5.35,1
Antique/Art/Craft,US,2349,7,Sat,10.5,3.6,1
Antique/Art/Craft,US,2349,7,Tue,10.5,3.6,1
Collectibles,EUR,1545,10,Wed,23.48,2.45,1
Jewelry,EUR,2168,7,Fri,15.93,3.63,0
Collectibles,EUR,4680,7,Tue,15.97,3.68,0
SportingGoods,EUR,5701,10,Tue,15.97,3.68,0
Books,US,3864,7,Mon,6.49,5.99,1
Antique/Art/Craft,US,4390,7,Mon,6.53,5.99,1
Automotive,EUR,106,7,Sun,49.26,1.23,1
Clothing/Accessories,EUR,2016,5,Fri,17.01,3.57,1
Collectibles,US,2220,3,Sat,40.56,0.99,1
Collectibles,EUR,1179,7,Sun,49.79,1.23,1
Clothing/Accessories,EUR,37,5,Mon,49.8,1.23,1
SportingGoods,EUR,109,5,Tue,49.8,1.23,1
SportingGoods,US,27132,5,Mon,41.57,0.99,1
Antique/Art/Craft,US,2349,7,Sat,11.5,3.6,1
SportingGoods,EUR,109,5,Mon,51.03,1.23,1
Clothing/Accessories,EUR,41,7,Fri,51.03,1.23,1
Clothing/Accessories,GBP,121,7,Thu,74.96,1.77,1
Health/Beauty,US,1155,7,Fri,6.45,6.45,0
Electronics,EUR,137,10,Sun,51.17,1.23,1
SportingGoods,US,27132,5,Mon,42.12,0.99,1
Music/Movie/Game,US,439,3,Fri,6.47,6.47,0
Home/Garden,US,1405,5,Mon,10.5,3.99,1
Toys/Hobbies,US,3385,7,Sat,10.5,3.99,1
Antique/Art/Craft,US,4390,7,Mon,6.49,6.49,0
Toys/Hobbies,US,138,5,Sun,42.58,0.99,1
Music/Movie/Game,US,686,7,Sat,6.5,6.5,0
Music/Movie/Game,US,686,7,Sat,6.5,6.5,0
Music/Movie/Game,US,686,7,Sat,6.5,6.5,0
Music/Movie/Game,US,686,7,Sat,6.5,6.5,0
Music/Movie/Game,US,686,7,Sat,6.5,6.5,0
Music/Movie/Game,US,686,7,Sat,6.5,6.5,0
Music/Movie/Game,US,686,7,Sat,6.5,6.5,0
Music/Movie/Game,US,686,7,Sat,6.5,6.5,0
Music/Movie/Game,US,686,7,Sat,6.5,6.5,0
Music/Movie/Game,US,686,7,Sat,6.5,6.5,0
Music/Movie/Game,US,686,7,Sat,6.5,6.5,0
Music/Movie/Game,US,686,7,Sat,6.5,6.5,0
Music/Movie/Game,US,686,7,Sat,6.5,6.5,0
Music/Movie/Game,US,686,7,Sat,6.5,6.5,0
Music/Movie/Game,US,686,7,Sat,6.5,6.5,0
Music/Movie/Game,US,686,7,Sat,6.5,6.5,0
Music/Movie/Game,US,686,7,Sat,6.5,6.5,0
Music/Movie/Game,US,686,7,Sat,6.5,6.5,0
Music/Movie/Game,US,686,7,Sat,6.5,6.5,0
Music/Movie/Game,US,686,7,Sat,6.5,6.5,0
Music/Movie/Game,US,686,7,Sat,6.5,6.5,0
Music/Movie/Game,US,686,7,Sat,6.5,6.5,0
Music/Movie/Game,US,686,7,Sat,6.5,6.5,0
Music/Movie/Game,US,686,7,Sat,6.5,6.5,0
Music/Movie/Game,US,686,7,Sat,6.5,6.5,0
Music/Movie/Game,US,686,7,Sat,6.5,6.5,0
Music/Movie/Game,US,686,7,Sat,6.5,6.5,0
Toys/Hobbies,EUR,1197,10,Thu,52.26,1.23,1
Antique/Art/Craft,US,2349,7,Mon,11.99,3.6,1
Antique/Art/Craft,US,2349,7,Sat,12.03,3.6,1
Collectibles,EUR,93,10,Tue,54.18,1.23,1
Home/Garden,EUR,1405,10,Mon,27.52,2.45,1
Health/Beauty,US,1155,7,Sat,6.95,6.45,1
SportingGoods,US,216,7,Sat,7.5,6.0,1
Antique/Art/Craft,US,2349,7,Mon,12.5,3.6,1
Automotive,EUR,71,7,Sat,55.94,1.23,1
Music/Movie/Game,US,686,7,Sat,7.0,6.5,1
Collectibles,US,81,7,Sat,11.5,3.99,1
Home/Garden,EUR,1405,10,Sun,28.48,2.45,1
SportingGoods,US,1266,7,Tue,6.79,6.79,0
Clothing/Accessories,US,966,7,Fri,15.5,2.99,1
Home/Garden,EUR,118,7,Tue,57.18,1.23,1
Antique/Art/Craft,US,2349,7,Mon,13.0,3.6,1
Antique/Art/Craft,US,2349,7,Fri,13.01,3.6,1
Coins/Stamps,US,1054,5,Mon,61.0,0.77,1
SportingGoods,EUR,18,5,Mon,12.91,5.53,1
Collectibles,US,2220,3,Sat,48.0,0.99,1
Clothing/Accessories,EUR,158,3,Thu,8.49,8.49,0
Antique/Art/Craft,US,2349,7,Tue,13.26,3.6,1
Jewelry,EUR,5701,10,Mon,19.68,3.68,1
SportingGoods,US,27132,5,Mon,48.37,0.99,1
Automotive,US,351,3,Fri,6.95,6.95,0
Automotive,US,351,3,Fri,6.95,6.95,0
Jewelry,EUR,1139,5,Sun,8.55,8.55,0
Home/Garden,EUR,91,10,Tue,59.52,1.23,1
SportingGoods,GBP,34,7,Thu,173.12,0.89,1
Toys/Hobbies,EUR,1911,10,Tue,20.03,3.68,1
Music/Movie/Game,US,50,3,Sat,6.99,6.99,0
Toys/Hobbies,US,1375,5,Sat,6.99,6.99,0
Antique/Art/Craft,US,1840,5,Sun,6.99,6.99,0
Automotive,US,1922,5,Mon,6.99,6.99,0
Collectibles,US,2179,5,Sun,6.99,6.99,0
Collectibles,US,2179,5,Sun,6.99,6.99,0
Collectibles,US,2179,5,Sun,6.99,6.99,0
Collectibles,US,2179,5,Sun,6.99,6.99,0
Collectibles,US,2179,5,Sun,6.99,6.99,1
Antique/Art/Craft,US,6655,5,Mon,6.99,6.99,0
Health/Beauty,US,1155,7,Fri,6.99,6.99,0
Health/Beauty,US,1155,7,Mon,6.99,6.99,0
Health/Beauty,US,1155,7,Mon,6.99,6.99,0
Music/Movie/Game,US,2993,7,Tue,6.99,6.99,0
Music/Movie/Game,US,3227,7,Sun,6.99,6.99,0
Collectibles,US,3613,7,Sun,6.99,6.99,0
Clothing/Accessories,US,3613,7,Sun,6.99,6.99,0
Antique/Art/Craft,US,3613,7,Sun,6.99,6.99,0
Antique/Art/Craft,US,4390,7,Fri,6.99,6.99,0
Antique/Art/Craft,US,4390,7,Fri,6.99,6.99,0
Antique/Art/Craft,US,4390,7,Fri,6.99,6.99,0
Antique/Art/Craft,US,4390,7,Fri,6.99,6.99,0
Antique/Art/Craft,US,4390,7,Mon,6.99,6.99,0
Toys/Hobbies,US,9003,7,Mon,6.99,6.99,0
Collectibles,US,25433,7,Sat,6.99,6.99,0
Antique/Art/Craft,US,4390,7,Mon,8.18,5.99,1
Collectibles,US,3277,3,Sun,7.0,7.0,0
Toys/Hobbies,US,22501,5,Mon,7.0,7.0,0
Music/Movie/Game,EUR,205,7,Sun,8.61,8.61,0
Jewelry,EUR,2168,7,Thu,8.61,8.61,0
Toys/Hobbies,US,2944,7,Tue,7.0,7.0,0
Music/Movie/Game,EUR,613,10,Tue,8.61,8.61,0
Antique/Art/Craft,EUR,266,3,Fri,61.0,1.23,1
Antique/Art/Craft,US,3613,7,Sun,12.55,3.99,1
Clothing/Accessories,EUR,393,10,Sat,31.11,2.45,1
Antique/Art/Craft,EUR,266,3,Thu,62.09,1.23,1
SportingGoods,US,27132,5,Mon,51.0,0.99,1
Antique/Art/Craft,US,2349,7,Tue,14.5,3.6,1
Health/Beauty,US,1155,7,Sat,7.49,6.99,1
Health/Beauty,US,9003,7,Mon,7.49,6.99,1
Toys/Hobbies,US,8100,1,Fri,10.5,4.99,1
Books,US,3864,7,Tue,10.5,4.99,1
Toys/Hobbies,US,22501,5,Mon,10.5,5.0,1
Toys/Hobbies,EUR,1313,7,Sun,32.72,2.45,1
Antique/Art/Craft,US,2349,7,Fri,15.0,3.6,1
Clothing/Accessories,EUR,2016,7,Sat,9.16,9.16,0
Collectibles,US,2696,7,Mon,11.12,5.0,1
Antique/Art/Craft,US,2349,7,Fri,15.5,3.6,1
Home/Garden,US,3613,7,Sun,8.01,6.99,1
Clothing/Accessories,EUR,1130,10,Fri,17.22,4.92,0
Electronics,EUR,71,10,Sun,69.04,1.23,1
Collectibles,US,2046,5,Fri,7.5,7.5,0
Collectibles,US,2046,5,Fri,7.5,7.5,0
Collectibles,US,2046,5,Fri,7.5,7.5,0
Collectibles,US,2046,5,Fri,7.5,7.5,0
Collectibles,US,2046,5,Fri,7.5,7.5,0
Collectibles,US,2046,5,Fri,7.5,7.5,0
Collectibles,US,2046,5,Fri,7.5,7.5,0
Collectibles,US,2046,5,Fri,7.5,7.5,0
Pottery/Glass,US,2944,7,Tue,7.5,7.5,0
Clothing/Accessories,EUR,393,10,Sun,35.02,2.45,1
Toys/Hobbies,US,1129,10,Sun,56.95,1.0,1
SportingGoods,EUR,1905,10,Tue,14.13,6.15,1
Clothing/Accessories,EUR,4153,10,Sat,35.52,2.46,1
Collectibles,US,2319,7,Mon,10.01,5.99,1
Collectibles,US,2046,5,Fri,8.0,7.5,1
Collectibles,EUR,1545,10,Tue,37.5,2.45,1
Home/Garden,EUR,56,7,Fri,75.01,1.23,1
Antique/Art/Craft,US,2349,7,Tue,17.1,3.6,1
Antique/Art/Craft,US,2349,7,Tue,17.1,3.6,1
Antique/Art/Craft,US,2349,7,Tue,17.26,3.6,1
Collectibles,US,2760,10,Sat,62.99,0.99,1
Toys/Hobbies,US,9003,7,Fri,12.5,4.99,1
Electronics,US,405,5,Sun,8.95,6.99,1
SportingGoods,US,27132,5,Mon,63.36,0.99,1
Collectibles,US,2179,5,Sun,9.0,6.99,1
Books,US,212,7,Fri,9.01,6.99,1
Antique/Art/Craft,US,2349,7,Fri,17.51,3.6,1
Automotive,US,351,3,Fri,7.95,7.95,0
Antique/Art/Craft,US,4390,7,Mon,7.95,7.95,1
Clothing/Accessories,EUR,1365,10,Sun,9.78,9.78,0
SportingGoods,US,27132,5,Mon,64.33,0.99,1
Antique/Art/Craft,EUR,266,3,Sat,78.32,1.23,1
Music/Movie/Game,US,50,3,Sat,7.99,7.99,0
Music/Movie/Game,US,50,3,Sat,7.99,7.99,0
Music/Movie/Game,US,50,3,Sat,7.99,7.99,1
Health/Beauty,US,1405,3,Sat,7.99,7.99,0
Music/Movie/Game,US,1215,5,Mon,7.99,7.99,0
Music/Movie/Game,US,1215,5,Mon,7.99,7.99,0
Music/Movie/Game,US,1215,5,Mon,7.99,7.99,0
Electronics,US,2132,5,Tue,7.99,7.99,0
Health/Beauty,US,1155,7,Fri,7.99,7.99,0
Health/Beauty,US,1155,7,Sat,7.99,7.99,0
Health/Beauty,US,1155,7,Sat,7.99,7.99,0
Health/Beauty,US,1155,7,Sun,7.99,7.99,0
Health/Beauty,US,1155,7,Sun,7.99,7.99,0
Health/Beauty,US,1155,7,Mon,7.99,7.99,0
Health/Beauty,US,1155,7,Mon,7.99,7.99,0
Toys/Hobbies,US,1375,7,Sun,7.99,7.99,0
Automotive,GBP,1390,7,Thu,14.26,14.26,0
Automotive,GBP,1390,7,Thu,14.26,14.26,0
Home/Garden,US,3613,7,Sun,7.99,7.99,0
Home/Garden,US,3613,7,Sun,7.99,7.99,0
Antique/Art/Craft,US,3613,7,Sun,7.99,7.99,0
Music/Movie/Game,EUR,205,7,Fri,9.84,9.84,0
SportingGoods,US,216,7,Sat,8.0,8.0,0
Antique/Art/Craft,EUR,618,7,Mon,9.84,9.84,0
Antique/Art/Craft,EUR,618,7,Mon,9.84,9.84,0
SportingGoods,EUR,5701,10,Thu,39.35,2.46,0
Books,GBP,88,7,Thu,15.26,13.37,1
Music/Movie/Game,US,686,7,Sat,9.99,6.5,1
Home/Garden,EUR,200,7,Sun,17.83,5.53,0
Antique/Art/Craft,US,2349,7,Mon,18.26,3.6,1
Antique/Art/Craft,US,2349,7,Fri,18.29,3.6,1
SportingGoods,US,27132,5,Mon,66.65,0.99,1
SportingGoods,EUR,109,7,Wed,81.16,1.23,1
Electronics,EUR,4,10,Sat,81.16,1.23,1
Home/Garden,EUR,1405,10,Mon,40.91,2.45,1
Antique/Art/Craft,US,2349,7,Sun,18.61,3.6,1
Home/Garden,EUR,5701,10,Mon,41.2,2.46,1
Antique/Art/Craft,US,4390,7,Mon,8.2,8.2,0
Collectibles,US,2046,5,Fri,9.01,7.5,1
SportingGoods,US,106,3,Fri,67.66,1.0,1
Health/Beauty,US,1155,7,Mon,8.49,7.99,1
Health/Beauty,US,1155,7,Mon,8.5,7.99,1
Music/Movie/Game,GBP,632,7,Thu,24.99,8.91,1
Automotive,EUR,479,7,Mon,85.92,1.23,1
Automotive,US,10,5,Mon,70.0,1.0,1
Antique/Art/Craft,US,2349,7,Mon,19.5,3.6,1
SportingGoods,US,27132,5,Mon,71.0,0.99,1
Toys/Hobbies,US,3385,7,Sat,10.13,6.99,1
Clothing/Accessories,EUR,1581,7,Thu,87.31,1.23,1
Home/Garden,EUR,1635,10,Wed,87.31,1.23,1
Collectibles,US,2046,5,Fri,9.5,7.5,1
Antique/Art/Craft,US,2349,7,Sun,20.0,3.6,1
Automotive,US,10067,3,Fri,8.5,8.5,0
Automotive,US,10067,3,Sat,8.5,8.5,0
Collectibles,US,25433,3,Sat,8.5,8.5,0
Collectibles,US,1135,10,Sun,73.52,0.99,1
Clothing/Accessories,EUR,2016,5,Fri,18.32,6.02,0
Clothing/Accessories,EUR,279,10,Tue,18.32,6.02,0
Automotive,GBP,88,7,Thu,18.74,12.48,1
Toys/Hobbies,US,22501,5,Mon,10.5,7.0,1
Clothing/Accessories,EUR,393,10,Sat,45.5,2.45,1
Antique/Art/Craft,US,2349,7,Fri,20.5,3.6,1
Clothing/Accessories,EUR,1365,10,Tue,18.38,6.09,0
Clothing/Accessories,EUR,1365,10,Tue,18.38,6.09,0
Clothing/Accessories,EUR,1365,10,Tue,18.38,6.09,0
Clothing/Accessories,EUR,1166,7,Tue,18.43,6.14,0
Clothing/Accessories,EUR,1166,7,Wed,18.43,6.14,0
Clothing/Accessories,EUR,1166,7,Tue,18.43,6.14,0
Health/Beauty,EUR,678,5,Mon,18.45,6.15,0
Antique/Art/Craft,EUR,618,7,Mon,18.45,6.15,0
Home/Garden,EUR,18,10,Sun,18.45,6.15,0
Toys/Hobbies,EUR,907,10,Wed,18.45,6.15,0
Antique/Art/Craft,US,4390,7,Mon,9.47,7.95,1
Music/Movie/Game,US,686,7,Sat,11.67,6.5,1
SportingGoods,US,27132,5,Mon,78.0,0.99,1
Automotive,US,6904,1,Fri,8.87,8.87,0
Music/Movie/Game,US,9003,7,Fri,10.55,7.49,1
Electronics,US,39,3,Sat,80.0,1.0,1
Jewelry,EUR,1139,5,Sun,11.01,11.01,1
Clothing/Accessories,EUR,1365,10,Wed,11.01,11.01,0
Home/Garden,EUR,1405,10,Sun,49.79,2.45,1
Music/Movie/Game,US,133,5,Sun,8.99,8.99,0
Music/Movie/Game,US,133,5,Sun,8.99,8.99,0
Health/Beauty,US,1155,7,Fri,8.99,8.99,0
Health/Beauty,US,1155,7,Sun,8.99,8.99,0
Health/Beauty,US,1155,7,Sun,8.99,8.99,0
Health/Beauty,US,1155,7,Sun,8.99,8.99,0
Health/Beauty,US,1155,7,Mon,8.99,8.99,0
Health/Beauty,US,1155,7,Mon,8.99,8.99,0
Health/Beauty,US,1155,7,Mon,8.99,8.99,0
Toys/Hobbies,US,3385,7,Sat,8.99,8.99,0
Toys/Hobbies,US,3385,7,Sat,8.99,8.99,0
Clothing/Accessories,US,3613,7,Sun,8.99,8.99,0
Home/Garden,US,3613,7,Sun,8.99,8.99,0
Jewelry,US,25433,7,Tue,8.99,8.99,0
Music/Movie/Game,US,37727,7,Sun,8.99,8.99,0
Clothing/Accessories,EUR,1349,7,Thu,11.07,11.07,0
Jewelry,EUR,2168,7,Thu,11.07,11.07,0
Jewelry,EUR,5701,10,Mon,11.07,11.07,0
SportingGoods,EUR,5701,10,Thu,11.07,11.07,0
SportingGoods,EUR,5701,10,Fri,11.07,11.07,0
SportingGoods,EUR,5701,10,Fri,11.07,11.07,0
SportingGoods,EUR,5701,10,Fri,11.07,11.07,0
SportingGoods,EUR,5701,10,Tue,11.07,11.07,0
SportingGoods,EUR,5701,10,Sat,11.07,11.07,0
Home/Garden,EUR,5701,10,Fri,11.07,11.07,0
Home/Garden,EUR,5701,10,Mon,11.07,11.07,0
Home/Garden,EUR,5701,10,Mon,11.07,11.07,0
Home/Garden,EUR,5701,10,Wed,11.07,11.07,0
Antique/Art/Craft,US,2349,7,Tue,23.09,3.6,1
Antique/Art/Craft,US,2349,7,Sat,23.15,3.6,1
Health/Beauty,US,1155,7,Sat,10.5,7.99,1
Antique/Art/Craft,US,181,5,Mon,21.08,3.99,1
Music/Movie/Game,US,686,7,Sat,13.0,6.5,1
Jewelry,EUR,2168,7,Sat,11.67,11.06,1
SportingGoods,EUR,5701,10,Mon,11.68,11.07,1
Jewelry,EUR,5769,10,Sat,11.68,11.07,1
SportingGoods,US,27132,5,Mon,87.73,0.99,1
Collectibles,US,3385,7,Sat,9.42,9.42,0
Clothing/Accessories,EUR,595,5,Thu,110.53,1.23,1
SportingGoods,EUR,5701,10,Wed,12.3,11.07,1
SportingGoods,EUR,5701,10,Thu,12.31,11.07,1
Books,EUR,1719,7,Sun,12.32,11.07,1
Toys/Hobbies,US,22501,5,Mon,9.5,9.5,0
Toys/Hobbies,US,22501,5,Mon,9.5,9.5,0
Music/Movie/Game,US,686,7,Sat,9.5,9.5,0
Music/Movie/Game,US,686,7,Sat,9.5,9.5,0
Music/Movie/Game,US,686,7,Sat,9.5,9.5,0
Music/Movie/Game,US,686,7,Sat,9.5,9.5,0
Music/Movie/Game,US,686,7,Sat,9.5,9.5,1
Electronics,EUR,384,7,Sat,111.91,1.23,1
Toys/Hobbies,US,1375,7,Sat,11.5,7.99,1
Photography,US,12,7,Mon,18.5,5.0,1
Business/Industrial,US,841,7,Sun,13.25,6.99,1
Antique/Art/Craft,EUR,524,5,Mon,114.48,1.23,1
Antique/Art/Craft,US,2349,7,Tue,26.0,3.6,1
Antique/Art/Craft,US,2349,7,Tue,26.01,3.6,1
Antique/Art/Craft,EUR,2507,10,Fri,16.6,8.6,1
Home/Garden,EUR,157,7,Fri,12.91,11.07,1
Jewelry,EUR,2168,7,Thu,29.45,4.86,0
Jewelry,EUR,2168,7,Wed,29.45,4.86,0
Jewelry,EUR,2168,7,Fri,23.84,6.09,1
Clothing/Accessories,EUR,1130,7,Tue,19.68,7.38,0
Toys/Hobbies,EUR,3375,10,Wed,19.68,7.38,0
Photography,US,121,3,Sun,197.5,0.5,1
Jewelry,EUR,2168,7,Sun,24.6,6.09,1
Clothing/Accessories,EUR,4153,10,Sat,40.58,3.69,0
Automotive,US,351,3,Fri,9.95,9.95,0
Music/Movie/Game,US,2286,7,Mon,9.95,9.95,0
Music/Movie/Game,US,2286,7,Mon,9.95,9.95,0
Music/Movie/Game,US,2286,7,Mon,9.95,9.95,0
SportingGoods,US,5180,7,Fri,9.95,9.95,0
Coins/Stamps,US,5564,7,Mon,9.95,9.95,0
Collectibles,US,25433,7,Sat,9.95,9.95,0
Jewelry,US,25433,7,Sat,9.95,9.95,0
Clothing/Accessories,EUR,1365,10,Sun,12.24,12.24,0
Clothing/Accessories,EUR,1365,10,Tue,12.24,12.24,0
Clothing/Accessories,EUR,1365,10,Wed,12.24,12.24,0
Clothing/Accessories,EUR,1365,10,Wed,12.24,12.24,0
Clothing/Accessories,EUR,1365,10,Wed,12.24,12.24,0
Clothing/Accessories,EUR,1365,10,Thu,12.24,12.24,0
Clothing/Accessories,EUR,1365,10,Thu,12.24,12.24,0
Clothing/Accessories,EUR,1365,10,Thu,12.24,12.24,0
Clothing/Accessories,EUR,1365,10,Thu,12.24,12.24,0
Clothing/Accessories,EUR,1365,10,Thu,12.24,12.24,0
Collectibles,EUR,537,10,Thu,13.72,10.95,1
Automotive,US,18,3,Sat,9.99,9.99,0
Collectibles,US,626,3,Sun,9.99,9.99,0
Home/Garden,US,2169,3,Sun,9.99,9.99,0
Home/Garden,US,2169,3,Sun,9.99,9.99,0
Music/Movie/Game,US,5017,3,Sat,9.99,9.99,1
SportingGoods,US,30594,3,Sun,9.99,9.99,0
Music/Movie/Game,US,133,5,Sun,9.99,9.99,0
Jewelry,EUR,942,5,Sun,12.29,12.29,0
Automotive,US,957,5,Tue,9.99,9.99,0
Home/Garden,US,1127,5,Mon,9.99,9.99,0
Collectibles,US,1265,5,Mon,9.99,9.99,0
Computer,US,1405,5,Mon,9.99,9.99,0
Electronics,EUR,65,7,Thu,12.29,12.29,0
SportingGoods,US,216,7,Sat,9.99,9.99,0
Pottery/Glass,US,541,7,Sun,9.99,9.99,0
Automotive,US,688,7,Sat,9.99,9.99,0
EverythingElse,US,814,7,Mon,9.99,9.99,0
EverythingElse,US,814,7,Mon,9.99,9.99,0
EverythingElse,US,814,7,Mon,9.99,9.99,0
Collectibles,US,985,7,Sun,9.99,9.99,0
Collectibles,US,1256,7,Sun,9.99,9.99,0
Books,US,1256,7,Sun,9.99,9.99,0
Toys/Hobbies,US,1375,7,Sat,9.99,9.99,0
Toys/Hobbies,US,1375,7,Sat,9.99,9.99,0
Toys/Hobbies,US,1375,7,Sat,9.99,9.99,1
Music/Movie/Game,US,2993,7,Tue,9.99,9.99,0
Coins/Stamps,GBP,3380,7,Thu,17.83,17.83,0
Collectibles,US,3385,7,Sat,9.99,9.99,0
Collectibles,US,3385,7,Sat,9.99,9.99,0
Toys/Hobbies,US,3385,7,Sat,9.99,9.99,1
Collectibles,US,3613,7,Sun,9.99,9.99,0
Antique/Art/Craft,US,4390,7,Fri,9.99,9.99,0
Collectibles,EUR,4680,7,Tue,12.29,12.29,0
Clothing/Accessories,US,5450,7,Fri,9.99,9.99,0
Clothing/Accessories,US,5450,7,Sat,9.99,9.99,0
Clothing/Accessories,US,5450,7,Sat,9.99,9.99,0
Jewelry,US,9003,7,Mon,9.99,9.99,0
Automotive,US,9003,7,Mon,9.99,9.99,0
Computer,US,9003,7,Fri,9.99,9.99,0
Music/Movie/Game,US,37727,7,Sun,9.99,9.99,0
Health/Beauty,EUR,83,10,Sun,12.29,12.29,0
Health/Beauty,EUR,83,10,Sun,12.29,12.29,0
EverythingElse,US,1124,10,Mon,9.99,9.99,0
Automotive,EUR,163,10,Sun,122.95,1.23,1
Music/Movie/Game,EUR,1853,7,Fri,12.3,12.3,0
Clothing/Accessories,EUR,3375,10,Thu,12.3,12.3,0
Automotive,EUR,163,7,Thu,124.2,1.23,1
Collectibles,EUR,19,10,Sat,124.2,1.23,1
Collectibles,US,20,5,Mon,103.55,0.99,1
Electronics,EUR,27,10,Sun,126.66,1.23,1
Antique/Art/Craft,US,2349,7,Sat,28.87,3.6,1
Jewelry,EUR,1139,3,Fri,12.85,12.24,1
Music/Movie/Game,US,1647,5,Mon,10.45,9.95,1
SportingGoods,US,27132,5,Mon,105.5,0.99,1
Music/Movie/Game,US,5017,3,Sat,10.49,9.99,1
SportingGoods,US,5450,7,Sat,10.49,9.99,1
SportingGoods,US,5450,7,Sun,10.49,9.99,1
Business/Industrial,US,8101,3,Sun,10.5,9.99,1
Collectibles,US,985,7,Sun,10.5,9.99,1
Collectibles,EUR,533,7,Fri,25.82,6.15,1
Collectibles,US,541,7,Sun,10.75,9.99,1
Collectibles,GBP,18,7,Thu,31.98,10.71,1
SportingGoods,US,27132,5,Mon,109.0,0.99,1
Clothing/Accessories,EUR,1365,10,Thu,27.48,6.09,1
SportingGoods,US,27132,5,Mon,111.95,0.99,1
Health/Beauty,US,1155,7,Sun,12.37,8.99,1
Photography,EUR,182,10,Sun,13.71,12.28,1
Toys/Hobbies,US,3385,7,Sat,12.5,8.99,1
SportingGoods,US,27132,5,Mon,113.86,0.99,1
Collectibles,US,2220,3,Sat,115.27,0.99,1
Antique/Art/Craft,US,2349,7,Mon,31.76,3.6,1
Antique/Art/Craft,US,4390,7,Mon,11.5,9.99,1
Jewelry,US,9003,7,Fri,11.51,9.99,1
Clothing/Accessories,EUR,595,5,Mon,141.54,1.23,1
Clothing/Accessories,EUR,595,5,Mon,142.65,1.23,1
SportingGoods,US,27132,5,Mon,117.5,0.99,1
Toys/Hobbies,US,3385,7,Sat,13.0,8.99,1
Automotive,US,18,3,Sat,29.5,4.0,1
SportingGoods,US,27132,5,Mon,121.0,0.99,1
Jewelry,EUR,2168,7,Sun,13.47,13.47,0
Collectibles,US,5257,3,Fri,10.99,10.99,0
Collectibles,US,5257,3,Fri,10.99,10.99,0
Collectibles,US,5257,3,Sat,10.99,10.99,0
Books,US,2191,5,Sun,10.99,10.99,0
EverythingElse,US,4397,7,Fri,10.99,10.99,0
Toys/Hobbies,US,22501,5,Mon,11.0,11.0,0
SportingGoods,US,27132,5,Mon,122.51,0.99,1
SportingGoods,US,27132,5,Mon,122.85,0.99,1
Antique/Art/Craft,US,2349,10,Mon,33.89,3.6,1
Clothing/Accessories,EUR,164,7,Tue,30.62,6.03,0
Home/Garden,EUR,1329,10,Wed,30.62,6.03,0
SportingGoods,US,27132,5,Mon,123.5,0.99,1
Music/Movie/Game,US,3227,7,Mon,12.26,9.99,1
Jewelry,EUR,2168,7,Sat,21.52,8.61,1
Home/Garden,EUR,157,7,Fri,16.81,11.07,1
Health/Beauty,US,1155,7,Mon,15.5,7.99,1
Electronics,US,405,5,Sun,12.5,9.99,1
Toys/Hobbies,US,1375,7,Sat,12.52,9.99,1
Business/Industrial,GBP,404,5,Thu,22.49,17.83,1
SportingGoods,US,27132,5,Mon,127.5,0.99,1
SportingGoods,US,27132,5,Mon,128.86,0.99,1
Collectibles,US,166,5,Sun,21.33,6.0,1
Toys/Hobbies,US,1375,7,Sat,12.84,9.99,1
Automotive,US,18,3,Sat,13.0,9.99,1
Automotive,US,584,5,Sat,26.0,5.0,1
Jewelry,US,4556,5,Sat,26.0,5.0,1
Automotive,EUR,305,10,Sun,161.08,1.23,1
Toys/Hobbies,US,22501,5,Mon,13.18,10.0,1
Collectibles,US,25433,7,Sat,11.5,11.5,0
SportingGoods,US,27132,5,Mon,136.49,0.99,1
SportingGoods,US,27132,5,Mon,137.5,0.99,1
Toys/Hobbies,US,22501,5,Mon,14.38,9.5,1
Music/Movie/Game,US,1647,5,Mon,13.95,9.95,1
Collectibles,US,541,7,Sun,15.5,8.99,1
SportingGoods,US,27132,5,Mon,142.53,0.99,1
SportingGoods,US,27132,5,Mon,142.75,0.99,1
Automotive,US,352,3,Sat,11.95,11.95,0
Collectibles,US,3385,7,Sat,11.95,11.95,0
SportingGoods,EUR,5701,10,Mon,19.64,11.07,1
EverythingElse,US,814,3,Fri,11.99,11.99,0
Home/Garden,US,2168,3,Sat,11.99,11.99,0
Collectibles,US,3385,7,Sat,11.99,11.99,0
Collectibles,US,3385,7,Sat,11.99,11.99,0
Collectibles,US,3385,7,Sat,11.99,11.99,0
Collectibles,US,3385,7,Sat,11.99,11.99,0
Collectibles,US,3385,7,Sat,11.99,11.99,0
Automotive,US,10067,3,Fri,12.0,12.0,0
Automotive,US,10067,3,Fri,12.0,12.0,0
Toys/Hobbies,EUR,392,7,Sun,22.14,9.84,0
Jewelry,GBP,593,7,Thu,21.42,21.42,0
Toys/Hobbies,EUR,3375,7,Sun,22.14,9.84,0
Clothing/Accessories,EUR,846,10,Wed,22.14,9.84,0
SportingGoods,US,27132,5,Mon,147.5,0.99,1
Music/Movie/Game,US,686,7,Sat,22.67,6.5,1
Antique/Art/Craft,US,2349,7,Fri,41.51,3.6,1
Collectibles,EUR,2168,7,Tue,20.44,11.07,1
Electronics,US,841,5,Mon,30.0,4.99,1
SportingGoods,US,27132,5,Mon,151.5,0.99,1
Coins/Stamps,US,5564,7,Fri,12.25,12.25,0
SportingGoods,US,27132,5,Mon,152.5,0.99,1
Electronics,EUR,844,10,Fri,185.69,1.23,1
Electronics,EUR,50,5,Fri,186.38,1.23,1
Clothing/Accessories,EUR,846,10,Wed,23.44,9.84,1
SportingGoods,US,27132,5,Mon,155.99,0.99,1
Automotive,US,523,7,Fri,15.5,9.99,1
Toys/Hobbies,US,1375,7,Sat,15.5,9.99,1
Toys/Hobbies,US,1375,7,Sat,15.5,9.99,1
Collectibles,US,3385,7,Sat,15.55,9.99,1
Collectibles,US,3385,7,Sat,13.0,11.99,1
Automotive,EUR,479,7,Mon,191.84,1.23,1
Automotive,US,10067,3,Sat,12.5,12.5,0
Collectibles,US,3385,7,Sat,13.05,11.99,1
Collectibles,EUR,709,10,Fri,38.76,6.14,1
Electronics,EUR,10,10,Sat,197.99,1.23,1
Toys/Hobbies,US,22501,5,Mon,13.0,12.5,1
Home/Garden,EUR,100,10,Fri,25.21,9.84,1
Home/Garden,EUR,100,10,Fri,25.21,9.84,1
Collectibles,US,541,7,Sun,16.5,9.99,1
Antique/Art/Craft,US,131,10,Fri,16.5,9.99,1
Music/Movie/Game,US,5812,5,Tue,12.92,12.92,0
Photography,EUR,6,3,Thu,205.37,1.23,1
Electronics,EUR,825,5,Mon,205.37,1.23,1
Clothing/Accessories,EUR,370,7,Thu,41.21,6.14,1
Collectibles,US,2220,3,Sat,169.87,0.99,1
Collectibles,US,5257,3,Sat,12.99,12.99,0
Automotive,US,10067,3,Sat,12.99,12.99,0
Jewelry,US,983,5,Mon,12.99,12.99,0
Toys/Hobbies,EUR,3090,10,Tue,23.35,11.05,0
Home/Garden,EUR,730,5,Tue,23.37,11.07,0
Clothing/Accessories,EUR,1166,7,Wed,23.37,11.07,0
SportingGoods,EUR,5701,10,Sun,23.37,11.07,0
SportingGoods,EUR,5701,10,Mon,23.37,11.07,0
SportingGoods,EUR,5701,10,Mon,23.37,11.07,0
EverythingElse,US,56,7,Mon,175.0,0.99,1
Jewelry,EUR,2168,7,Sun,23.92,11.01,1
Automotive,US,206,5,Sun,17.55,9.95,1
Collectibles,US,576,7,Sun,17.5,9.99,1
Health/Beauty,US,1155,7,Fri,13.5,12.99,1
SportingGoods,EUR,5701,10,Thu,23.98,11.07,1
Music/Movie/Game,US,686,7,Sat,27.17,6.5,1
Collectibles,US,387,7,Sat,36.0,5.0,1
Music/Movie/Game,US,1647,5,Mon,18.25,9.95,1
Toys/Hobbies,US,3277,3,Sun,26.01,7.0,1
Toys/Hobbies,US,22501,5,Mon,14.11,13.0,1
Music/Movie/Game,US,123,7,Tue,37.0,5.0,1
Collectibles,US,988,7,Mon,27.78,6.75,1
Music/Movie/Game,US,1647,5,Mon,18.86,9.95,1
Pottery/Glass,GBP,36,7,Thu,339.09,1.77,1
EverythingElse,US,59,3,Sat,19.0,9.99,1
Books,EUR,1719,1,Sat,24.23,11.93,0
SportingGoods,US,5271,5,Fri,13.95,13.95,0
Collectibles,US,3613,7,Sun,19.49,9.99,1
Music/Movie/Game,US,9003,7,Mon,26.0,7.49,1
Music/Movie/Game,US,1647,5,Mon,19.59,9.95,1
SportingGoods,US,1265,5,Sat,13.99,13.99,0
Jewelry,EUR,2168,7,Mon,27.05,11.0,1
Health/Beauty,EUR,678,7,Wed,54.65,5.46,0
Jewelry,EUR,2168,3,Thu,24.53,12.23,0
Jewelry,EUR,2168,5,Mon,24.53,12.23,0
Clothing/Accessories,EUR,1122,10,Sat,24.53,12.23,0
Collectibles,US,3385,7,Sat,16.56,11.99,1
Automotive,US,362,5,Mon,199.0,1.0,1
Clothing/Accessories,EUR,1661,7,Wed,24.58,12.28,0
Electronics,EUR,69,7,Mon,245.95,1.23,1
SportingGoods,US,27132,5,Mon,202.36,0.99,1
Antique/Art/Craft,US,2349,7,Mon,56.03,3.6,1
Clothing/Accessories,EUR,2016,5,Sat,49.8,6.15,1
Books,US,1192,7,Mon,203.5,1.0,1
Collectibles,US,359,7,Tue,20.39,9.99,1
Music/Movie/Game,US,1647,5,Mon,20.5,9.95,1
Music/Movie/Game,US,133,5,Mon,22.76,8.99,1
Pottery/Glass,US,1602,7,Mon,20.5,9.99,1
SportingGoods,EUR,5701,10,Tue,25.22,12.28,1
SportingGoods,US,27132,5,Mon,207.86,0.99,1
Music/Movie/Game,US,1215,5,Mon,26.0,7.99,1
Home/Garden,US,3613,7,Sun,16.01,12.99,1
SportingGoods,US,27132,5,Mon,215.5,0.99,1
SportingGoods,US,27132,5,Mon,216.0,0.99,1
Collectibles,US,985,7,Sun,21.61,9.99,1
Home/Garden,EUR,5701,5,Fri,44.27,7.38,0
Home/Garden,EUR,5701,10,Sun,44.27,7.38,0
Toys/Hobbies,US,60,5,Sat,21.65,9.99,1
Electronics,EUR,30,3,Sun,270.55,1.23,1
SportingGoods,US,302,7,Sun,77.55,2.85,1
Music/Movie/Game,US,5811,3,Sat,14.92,14.92,0
Toys/Hobbies,US,534,7,Sun,14.95,14.95,0
Toys/Hobbies,US,534,7,Sun,14.95,14.95,0
Toys/Hobbies,US,534,7,Sun,14.95,14.95,0
Toys/Hobbies,US,534,7,Sun,14.95,14.95,0
Collectibles,US,25433,7,Fri,14.95,14.95,0
Collectibles,US,25433,7,Fri,14.95,14.95,0
Collectibles,US,25433,7,Fri,14.95,14.95,0
Collectibles,US,25433,7,Fri,14.95,14.95,0
Jewelry,US,25433,7,Fri,14.95,14.95,0
Jewelry,US,25433,7,Fri,14.95,14.95,0
Jewelry,US,25433,7,Fri,14.95,14.95,0
Jewelry,US,25433,7,Fri,14.95,14.95,0
Jewelry,US,25433,7,Fri,14.95,14.95,0
Jewelry,US,25433,7,Fri,14.95,14.95,0
Jewelry,US,25433,7,Fri,14.95,14.95,0
Jewelry,US,25433,7,Fri,14.95,14.95,0
Collectibles,US,5257,3,Fri,14.99,14.99,0
Collectibles,US,5257,3,Fri,14.99,14.99,0
Collectibles,US,5257,3,Sat,14.99,14.99,0
Jewelry,US,790,5,Mon,14.99,14.99,0
Music/Movie/Game,US,1215,5,Tue,14.99,14.99,0
Toys/Hobbies,US,534,7,Sun,14.99,14.99,0
Music/Movie/Game,US,2993,7,Fri,14.99,14.99,0
Music/Movie/Game,US,3306,7,Sun,14.99,14.99,0
Home/Garden,US,3613,7,Sun,14.99,14.99,0
Automotive,US,4457,3,Fri,15.0,15.0,0
Automotive,US,10067,3,Sat,15.0,15.0,0
Toys/Hobbies,US,22501,5,Mon,15.0,15.0,0
SportingGoods,US,27132,5,Mon,227.5,0.99,1
Music/Movie/Game,EUR,5052,10,Wed,30.85,11.07,1
Jewelry,EUR,2168,7,Fri,31.36,11.01,1
Computer,US,3896,1,Fri,230.0,1.0,1
Collectibles,US,366,7,Sat,232.5,0.99,1
Toys/Hobbies,US,25433,7,Fri,15.45,14.95,1
Jewelry,US,25433,7,Fri,15.45,14.95,1
Business/Industrial,US,2168,3,Sat,15.49,14.99,1
Collectibles,US,5257,3,Sat,15.5,14.99,1
Toys/Hobbies,US,22501,5,Mon,15.5,15.0,1
Antique/Art/Craft,US,2349,7,Tue,66.0,3.6,1
Collectibles,US,336,7,Mon,122.5,2.0,1
Toys/Hobbies,US,22501,5,Mon,16.5,15.0,1
Toys/Hobbies,US,1375,7,Sat,25.0,9.99,1
Books,GBP,201,7,Thu,49.78,16.05,1
Music/Movie/Game,US,5812,5,Tue,15.92,15.92,0
Toys/Hobbies,US,534,7,Sun,17.0,14.95,1
Clothing/Accessories,EUR,278,7,Sat,31.36,12.29,1
Automotive,US,957,5,Tue,15.99,15.99,0
Toys/Hobbies,US,22501,5,Mon,16.0,16.0,0
Toys/Hobbies,US,22501,5,Mon,16.0,16.0,0
EverythingElse,US,1574,7,Mon,26.07,9.95,1
Toys/Hobbies,US,67,5,Sun,26.0,9.99,1
Collectibles,US,985,7,Sun,26.0,9.99,1
Collectibles,US,1540,7,Sun,26.0,9.99,1
Music/Movie/Game,US,2993,7,Tue,26.0,9.99,1
Music/Movie/Game,US,28,7,Fri,26.0,10.0,1
Health/Beauty,US,109,5,Mon,21.71,11.99,1
SportingGoods,EUR,5701,3,Thu,35.66,11.07,0
SportingGoods,EUR,5701,10,Tue,35.66,11.07,0
SportingGoods,EUR,5701,10,Sat,35.66,11.07,0
Toys/Hobbies,US,534,7,Sun,17.5,14.95,1
Toys/Hobbies,US,534,7,Sun,17.5,14.95,1
Computer,US,24,3,Sat,265.0,0.99,1
Music/Movie/Game,US,2993,7,Fri,17.51,14.99,1
Toys/Hobbies,US,22501,5,Mon,16.5,16.0,1
SportingGoods,US,27132,5,Mon,270.0,0.99,1
SportingGoods,US,27132,5,Mon,270.12,0.99,1
Automotive,US,10067,3,Fri,16.5,16.5,0
Clothing/Accessories,EUR,4641,10,Thu,67.62,6.14,0
SportingGoods,US,134,1,Fri,280.0,0.99,1
Computer,US,112,7,Sun,28.0,9.99,1
Home/Garden,US,3613,7,Sun,31.59,8.99,1
Collectibles,US,5257,3,Fri,16.99,16.99,0
Collectibles,US,5257,3,Fri,16.99,16.99,0
Toys/Hobbies,US,534,7,Sun,19.45,14.95,1
SportingGoods,US,27132,5,Mon,295.0,0.99,1
Clothing/Accessories,EUR,164,7,Tue,36.77,12.17,0
Clothing/Accessories,EUR,164,7,Tue,36.77,12.17,0
Clothing/Accessories,EUR,164,7,Wed,36.77,12.17,0
Clothing/Accessories,EUR,164,7,Tue,36.77,12.17,0
Jewelry,EUR,2168,7,Tue,41.2,11.07,1
SportingGoods,US,27132,5,Mon,305.0,0.99,1
Music/Movie/Game,US,3277,3,Sun,33.56,9.0,1
Computer,US,24,3,Sun,306.23,0.99,1
Toys/Hobbies,US,2262,7,Sun,61.59,4.95,1
Collectibles,US,110,1,Fri,31.01,9.99,1
Collectibles,EUR,442,10,Wed,381.53,1.23,1
Electronics,US,148,7,Mon,52.23,5.99,1
Music/Movie/Game,US,2993,7,Fri,21.49,14.99,1
Jewelry,US,2046,7,Fri,17.95,17.95,0
Jewelry,US,2046,7,Fri,17.95,17.95,0
Jewelry,US,2046,7,Fri,17.95,17.95,0
Jewelry,US,2046,7,Fri,17.95,17.95,0
Music/Movie/Game,US,1647,5,Mon,32.51,9.95,1
Automotive,US,2433,3,Fri,18.0,18.0,0
Automotive,US,10067,3,Sat,18.0,18.0,0
Toys/Hobbies,US,22501,5,Mon,20.5,16.0,1
Toys/Hobbies,US,22501,5,Mon,20.51,16.0,1
Collectibles,US,985,7,Sun,33.25,9.99,1
Automotive,US,10067,3,Sat,18.5,18.0,1
SportingGoods,US,1266,5,Sun,18.25,18.25,0
Collectibles,US,985,7,Sun,33.5,9.99,1
Toys/Hobbies,US,634,1,Fri,18.49,18.49,0
Toys/Hobbies,US,25433,7,Sun,18.5,18.5,0
Toys/Hobbies,US,25433,7,Sun,18.5,18.5,0
Home/Garden,US,678,10,Sun,41.0,8.5,1
SportingGoods,GBP,22,7,Thu,62.46,17.83,1
Clothing/Accessories,EUR,164,5,Mon,43.66,12.18,1
Clothing/Accessories,EUR,164,7,Tue,43.77,12.18,1
Clothing/Accessories,EUR,164,7,Tue,44.15,12.18,1
Home/Garden,EUR,5701,10,Fri,48.59,11.07,1
Music/Movie/Game,US,1647,5,Mon,36.0,9.95,1
Toys/Hobbies,US,1848,7,Sun,36.0,9.99,1
Health/Beauty,US,4398,1,Fri,18.99,18.99,0
Clothing/Accessories,US,837,3,Sun,18.99,18.99,0
Automotive,US,10067,3,Fri,18.99,18.99,0
Health/Beauty,US,4398,5,Mon,18.99,18.99,0
Health/Beauty,US,4398,5,Mon,18.99,18.99,0
Automotive,US,1364,7,Mon,18.99,18.99,0
Clothing/Accessories,EUR,37,3,Sat,49.8,11.07,1
Automotive,US,10067,3,Fri,19.5,19.0,1
Collectibles,US,387,7,Sat,74.75,5.0,1
Automotive,US,10067,3,Sat,19.5,19.5,0
Electronics,EUR,316,10,Wed,59.03,9.84,0
Clothing/Accessories,EUR,164,5,Mon,49.07,12.18,0
Clothing/Accessories,EUR,164,7,Wed,49.07,12.18,0
Clothing/Accessories,EUR,164,7,Wed,49.07,12.18,1
Jewelry,US,11576,3,Fri,19.95,19.95,0
Jewelry,US,2046,5,Fri,19.95,19.95,0
Jewelry,US,2046,5,Sat,19.95,19.95,0
Computer,US,4028,5,Mon,19.95,19.95,0
Toys/Hobbies,US,534,7,Sun,19.95,19.95,0
Jewelry,US,2046,7,Mon,19.95,19.95,0
Jewelry,US,2046,7,Mon,19.95,19.95,0
Jewelry,US,2046,7,Mon,19.95,19.95,0
Jewelry,US,790,5,Mon,19.99,19.99,0
Automotive,US,957,5,Tue,19.99,19.99,0
Toys/Hobbies,US,1051,5,Sun,19.99,19.99,0
Antique/Art/Craft,US,1220,5,Mon,19.99,19.99,0
Music/Movie/Game,US,2993,7,Fri,19.99,19.99,0
Antique/Art/Craft,US,4390,7,Mon,19.99,19.99,0
Collectibles,US,664,3,Sat,20.0,20.0,0
Home/Garden,EUR,730,5,Tue,24.6,24.6,0
Toys/Hobbies,US,22501,5,Mon,20.0,20.0,0
Toys/Hobbies,US,22501,5,Mon,20.0,20.0,0
Computer,EUR,127,5,Sun,495.58,1.23,1
Photography,US,801,3,Sat,26.99,14.99,1
Music/Movie/Game,US,2993,7,Fri,27.17,14.99,1
Electronics,EUR,306,7,Wed,501.32,1.23,1
Music/Movie/Game,US,133,5,Mon,45.44,8.99,1
Toys/Hobbies,US,22501,5,Mon,20.5,20.0,1
Toys/Hobbies,US,22501,5,Mon,20.5,20.0,1
Toys/Hobbies,US,22501,5,Mon,20.5,20.0,1
Coins/Stamps,EUR,627,10,Tue,56.57,11.07,1
Computer,US,434,7,Sun,41.5,9.99,1
SportingGoods,US,542,7,Tue,27.95,14.99,1
Toys/Hobbies,US,756,3,Sun,20.5,20.5,0
Electronics,US,2358,5,Mon,42.77,9.99,1
Toys/Hobbies,US,3385,7,Sat,43.0,9.99,1
Music/Movie/Game,GBP,277,7,Thu,76.74,17.85,1
SportingGoods,US,5271,7,Sat,20.95,20.95,0
Automotive,US,10067,3,Fri,21.0,21.0,0
Automotive,US,10067,3,Fri,21.0,21.0,0
Automotive,US,10067,3,Fri,21.0,21.0,0
Automotive,US,10067,3,Fri,21.0,21.0,0
Automotive,US,10067,3,Sat,21.0,21.0,0
Automotive,US,10067,3,Sat,21.0,21.0,0
Toys/Hobbies,US,22501,5,Mon,22.16,20.0,1
Clothing/Accessories,EUR,164,5,Mon,55.95,12.17,1
Clothing/Accessories,EUR,164,7,Tue,55.95,12.17,1
Collectibles,US,3385,7,Sat,38.5,11.99,1
SportingGoods,US,3162,5,Mon,466.0,1.0,1
Automotive,US,501,7,Mon,52.0,9.0,1
SportingGoods,US,4283,5,Mon,23.5,19.99,1
Toys/Hobbies,US,534,7,Sun,23.86,19.95,1
Toys/Hobbies,US,22501,5,Mon,26.56,18.0,1
Automotive,US,83,5,Mon,48.0,9.99,1
Antique/Art/Craft,US,4397,7,Sat,21.99,21.99,0
Automotive,US,816,3,Sat,22.0,22.0,0
Clothing/Accessories,EUR,164,5,Mon,60.63,12.18,1
Automotive,US,2433,3,Fri,22.5,22.0,1
Jewelry,US,2046,5,Sat,25.0,19.95,1
Clothing/Accessories,EUR,164,7,Tue,62.72,12.18,1
Automotive,US,8101,3,Sun,51.0,9.99,1
Collectibles,US,6586,3,Sat,25.49,19.99,1
Toys/Hobbies,US,1820,10,Sun,52.01,9.99,1
Toys/Hobbies,US,1809,7,Sun,26.07,19.99,1
Collectibles,US,5257,3,Sat,31.0,16.95,1
Computer,EUR,127,5,Sat,646.85,1.23,1
Electronics,US,572,7,Mon,22.95,22.95,0
Electronics,US,572,7,Tue,22.95,22.95,0
SportingGoods,EUR,1405,7,Thu,72.56,11.07,0
SportingGoods,EUR,1405,7,Thu,72.56,11.07,0
Toys/Hobbies,US,534,7,Sun,35.75,14.95,1
Automotive,US,10067,3,Fri,23.5,23.0,1
Toys/Hobbies,EUR,58,10,Wed,33.45,24.6,1
Music/Movie/Game,EUR,205,7,Fri,33.82,24.6,1
Home/Garden,US,1304,7,Sun,23.5,23.5,0
Jewelry,US,25433,7,Mon,23.5,23.5,0
Toys/Hobbies,US,534,7,Sun,28.0,19.99,1
Clothing/Accessories,EUR,164,7,Tue,73.35,12.17,1
Clothing/Accessories,EUR,164,5,Mon,73.66,12.17,0
Automotive,EUR,32,7,Mon,730.47,1.23,1
Home/Garden,US,1620,10,Mon,60.0,9.95,1
Clothing/Accessories,EUR,164,5,Mon,75.01,12.17,1
Home/Garden,US,354,5,Sun,615.0,0.99,1
Home/Garden,US,280,3,Sat,24.77,24.77,0
Books,GBP,1029,7,Thu,219.52,8.91,1
Jewelry,US,790,5,Mon,31.0,19.99,1
Automotive,US,351,3,Fri,24.95,24.95,0
Automotive,US,10067,3,Fri,24.95,24.95,0
Jewelry,US,11576,5,Tue,24.95,24.95,0
Toys/Hobbies,US,3385,7,Sat,24.95,24.95,0
Collectibles,US,1779,1,Fri,24.99,24.99,0
Home/Garden,US,4398,3,Sun,24.99,24.99,0
Automotive,US,1163,7,Tue,24.99,24.99,0
Collectibles,US,2944,7,Tue,24.99,24.99,1
Music/Movie/Game,US,3004,7,Sun,24.99,24.99,0
Electronics,US,9747,5,Tue,25.0,25.0,0
Toys/Hobbies,US,5939,10,Mon,25.0,25.0,0
Clothing/Accessories,EUR,164,5,Mon,81.16,12.17,1
SportingGoods,US,62,5,Mon,66.0,9.99,1
Collectibles,US,359,7,Mon,66.0,9.99,1
Toys/Hobbies,US,534,7,Sun,33.0,19.99,1
Automotive,EUR,45,5,Mon,863.28,1.23,1
Toys/Hobbies,US,88,5,Mon,71.0,9.99,1
Automotive,EUR,536,10,Tue,97.15,11.07,0
Books,US,8,5,Sun,47.78,15.0,1
Electronics,US,148,7,Mon,120.5,5.99,1
Health/Beauty,US,1155,7,Sun,26.99,26.99,0
Antique/Art/Craft,US,4390,7,Fri,27.0,27.0,0
Coins/Stamps,US,5564,7,Fri,27.0,27.0,0
Collectibles,US,985,7,Sun,75.0,9.99,1
Collectibles,US,5257,3,Sat,27.95,27.95,0
SportingGoods,US,17,7,Sun,79.0,9.99,1
Clothing/Accessories,EUR,164,7,Tue,98.26,12.17,0
Collectibles,US,704,7,Mon,32.03,24.99,1
Toys/Hobbies,US,534,7,Sun,41.0,19.95,1
Automotive,US,112,5,Mon,28.99,28.99,0
Automotive,US,816,5,Mon,29.0,29.0,0
Clothing/Accessories,US,1100,3,Sun,86.0,9.99,1
Electronics,US,2358,5,Mon,86.0,9.99,1
Collectibles,US,3325,3,Sat,86.04,9.99,1
Collectibles,US,957,3,Sat,87.67,9.99,1
Toys/Hobbies,US,534,7,Sun,29.95,29.95,0
Photography,US,572,7,Tue,29.95,29.95,0
Toys/Hobbies,US,3385,7,Sat,29.95,29.95,0
Toys/Hobbies,US,3385,7,Sat,29.95,29.95,0
Home/Garden,US,841,3,Sat,29.99,29.99,0
Toys/Hobbies,US,534,7,Sun,29.99,29.99,0
Collectibles,GBP,1147,7,Thu,53.52,53.52,0
Health/Beauty,US,1155,7,Sun,29.99,29.99,0
Collectibles,US,1256,7,Mon,29.99,29.99,0
Coins/Stamps,US,5564,7,Sat,29.99,29.99,0
Music/Movie/Game,EUR,7,3,Sat,36.89,36.89,0
Toys/Hobbies,US,2218,3,Sun,30.0,30.0,0
Photography,US,572,5,Mon,30.0,30.0,0
Automotive,US,33,7,Fri,91.0,10.0,1
Clothing/Accessories,EUR,164,7,Tue,118.06,12.17,1
Collectibles,US,6787,7,Sun,56.0,16.99,1
Automotive,US,1364,5,Sun,30.95,30.95,0
Automotive,US,361,1,Fri,31.0,31.0,0
Home/Garden,US,933,1,Fri,51.0,19.99,1
Music/Movie/Game,GBP,277,7,Thu,182.04,17.85,1
SportingGoods,US,5271,7,Sun,31.95,31.95,0
Automotive,US,4457,7,Mon,32.0,32.0,0
Toys/Hobbies,US,534,7,Sun,34.66,29.95,1
Automotive,US,29,5,Mon,43.0,24.99,1
Toys/Hobbies,US,22501,5,Mon,35.99,30.0,1
Automotive,US,352,5,Sun,32.95,32.95,0
Antique/Art/Craft,US,4390,7,Mon,32.95,32.95,0
Electronics,US,2358,5,Mon,114.5,9.99,1
Toys/Hobbies,US,2304,7,Mon,37.0,31.0,1
Automotive,US,2427,3,Sat,33.95,33.95,0
Automotive,US,2427,3,Sun,33.95,33.95,0
Automotive,US,2427,3,Sun,33.95,33.95,0
Computer,US,320,3,Sat,117.5,9.99,1
Computer,US,320,3,Sat,120.99,9.99,1
Automotive,US,671,5,Sun,34.95,34.95,0
Collectibles,US,25433,5,Sun,34.95,34.95,0
Toys/Hobbies,US,1405,3,Sat,34.99,34.99,0
Music/Movie/Game,US,3004,7,Sun,34.99,34.99,0
Music/Movie/Game,US,3004,7,Sun,34.99,34.99,0
Music/Movie/Game,US,3004,7,Sun,34.99,34.99,0
Music/Movie/Game,US,3004,7,Sun,34.99,34.99,0
Automotive,US,4457,7,Tue,35.0,35.0,0
Computer,US,320,3,Sat,124.5,9.99,1
Toys/Hobbies,US,180,7,Sat,51.0,24.95,1
SportingGoods,US,62,5,Mon,127.63,9.99,1
Music/Movie/Game,US,3004,7,Sun,36.99,34.99,1
Automotive,US,1364,7,Tue,35.99,35.99,0
Coins/Stamps,US,5564,5,Mon,36.0,36.0,0
Toys/Hobbies,US,1222,5,Mon,43.78,30.0,1
Automotive,US,2427,3,Sun,38.95,33.95,1
Coins/Stamps,US,5564,5,Mon,37.0,37.0,0
Music/Movie/Game,US,3004,7,Sun,40.0,34.99,1
Automotive,US,10067,3,Fri,37.95,37.95,0
Toys/Hobbies,US,29,7,Sat,150.0,9.99,1
Clothing/Accessories,US,2944,7,Tue,60.0,24.99,1
Automotive,US,29,1,Fri,300.0,5.0,1
Automotive,US,2427,3,Sun,38.99,38.99,0
Automotive,US,2427,3,Sun,38.99,38.99,0
Automotive,US,2427,3,Sun,38.99,38.99,0
Collectibles,US,5,5,Sun,77.0,19.99,1
Music/Movie/Game,US,3004,7,Sun,44.01,34.99,1
Automotive,US,10067,3,Sat,39.5,39.5,0
Automotive,US,715,5,Tue,39.5,39.5,0
Automotive,US,671,5,Sun,39.95,39.95,0
Automotive,US,671,5,Sun,39.95,39.95,0
EverythingElse,US,1663,3,Sat,39.99,39.99,0
Toys/Hobbies,US,22501,5,Mon,40.0,40.0,1
Computer,US,320,3,Sat,162.5,9.99,1
Collectibles,US,696,7,Sun,163.0,9.99,1
Toys/Hobbies,US,507,7,Sun,163.72,9.99,1
SportingGoods,US,1,7,Fri,65.87,25.0,1
Toys/Hobbies,US,534,7,Sun,47.52,34.95,1
Electronics,US,2358,5,Mon,167.5,9.99,1
Antique/Art/Craft,US,4390,7,Mon,41.49,41.49,0
Automotive,US,1364,7,Tue,42.0,42.0,0
Home/Garden,US,1162,5,Mon,177.5,9.99,1
Photography,US,475,7,Tue,71.0,25.0,1
Music/Movie/Game,US,3004,7,Sun,51.0,34.99,1
Toys/Hobbies,US,648,5,Mon,48.0,39.0,1
Automotive,US,10067,3,Fri,43.5,43.5,0
Automotive,US,10067,3,Fri,43.5,43.5,0
Toys/Hobbies,US,534,7,Sun,65.29,29.95,1
Automotive,US,1,5,Sat,197.5,9.99,1
Automotive,US,671,5,Sun,44.95,44.95,0
Automotive,US,671,5,Sun,44.95,44.95,0
Automotive,US,1135,3,Sun,202.5,9.99,1
Music/Movie/Game,US,3004,7,Sun,44.99,44.99,0
Electronics,US,2358,5,Mon,222.5,9.99,1
Automotive,US,671,5,Sun,47.5,47.5,0
Automotive,US,671,5,Sun,47.5,47.5,0
Automotive,US,8,7,Sat,91.0,25.0,1
Automotive,US,2992,3,Fri,49.95,49.95,0
Automotive,US,352,5,Sun,49.95,49.95,0
Toys/Hobbies,US,3385,7,Sat,49.95,49.95,0
Toys/Hobbies,US,3385,7,Sat,49.95,49.95,0
Automotive,US,10067,3,Fri,49.99,49.99,0
Toys/Hobbies,US,534,7,Sun,49.99,49.99,0
Music/Movie/Game,US,3004,7,Sun,49.99,49.99,0
Home/Garden,US,552,3,Sun,50.0,50.0,1
Books,US,2191,7,Tue,50.0,50.0,1
Music/Movie/Game,US,3004,7,Sun,63.0,39.99,1
Books,US,1560,7,Tue,256.0,9.99,1
SportingGoods,US,1,7,Fri,52.0,50.0,1
Coins/Stamps,US,5564,5,Sat,52.0,52.0,0
Automotive,US,671,5,Sun,61.0,44.95,1
Books,US,2191,7,Mon,56.0,50.0,1
Antique/Art/Craft,US,2944,7,Tue,56.02,49.99,1
SportingGoods,US,1,7,Fri,81.0,35.0,1
Collectibles,US,985,7,Sun,285.0,9.99,1
SportingGoods,US,27132,5,Mon,60.0,49.0,1
Automotive,US,671,5,Sun,66.77,44.95,1
Toys/Hobbies,US,1321,3,Sat,152.5,19.99,1
Automotive,US,1948,7,Fri,157.54,19.95,1
Business/Industrial,US,812,7,Sun,63.0,49.99,1
Automotive,US,10067,3,Sat,57.0,57.0,0
Coins/Stamps,US,5564,7,Sat,59.0,59.0,0
Automotive,US,2992,3,Fri,59.95,59.95,0
Automotive,US,133,7,Sat,104.49,35.0,1
Music/Movie/Game,US,3004,7,Sun,63.0,59.99,1
Collectibles,US,6945,7,Mon,392.51,9.99,1
Music/Movie/Game,US,3004,7,Sun,66.0,59.99,1
Automotive,US,1364,5,Sun,65.95,65.95,0
Automotive,US,3246,3,Sat,67.95,67.95,0
Clothing/Accessories,EUR,668,10,Tue,166.02,43.04,1
Automotive,US,2992,5,Sun,74.0,65.0,1
Electronics,US,8,5,Tue,69.99,69.99,1
Collectibles,US,52,7,Mon,491.0,9.99,1
Coins/Stamps,US,5564,5,Mon,73.0,73.0,0
Photography,US,320,3,Sun,560.0,9.99,1
Business/Industrial,EUR,6,7,Mon,276.69,30.74,0
Automotive,US,1364,7,Mon,76.5,76.5,0
Automotive,US,2992,3,Fri,79.0,79.0,1
Toys/Hobbies,US,3385,7,Sat,79.95,79.95,0
Electronics,US,2358,5,Mon,79.99,79.99,0
Pottery/Glass,US,993,7,Sat,79.99,79.99,0
Pottery/Glass,US,993,7,Sat,80.99,79.99,1
Pottery/Glass,US,993,7,Sat,80.99,79.99,1
Automotive,US,2992,5,Sun,82.95,82.95,0
Automotive,US,1364,5,Sun,83.95,83.95,0
Automotive,US,2992,5,Sun,86.0,82.95,1
Automotive,US,1364,5,Sun,85.0,85.0,0
Automotive,US,146,7,Tue,85.0,85.0,0
Toys/Hobbies,US,534,7,Sun,103.5,69.99,1
Automotive,US,2992,5,Sun,93.0,82.95,1
Automotive,US,1364,7,Tue,89.0,89.0,0
Collectibles,US,590,10,Fri,797.0,9.95,1
Automotive,US,146,3,Fri,89.95,89.95,0
Automotive,US,2992,3,Fri,89.95,89.95,0
Automotive,US,2992,3,Fri,89.95,89.95,0
Automotive,US,2992,3,Fri,89.95,89.95,0
Automotive,US,2992,3,Fri,89.95,89.95,0
Automotive,US,2992,3,Fri,89.95,89.95,0
Automotive,US,146,5,Mon,89.95,89.95,0
Automotive,US,1364,5,Sun,89.95,89.95,0
Automotive,US,1364,7,Tue,90.0,90.0,0
Automotive,US,10,5,Tue,170.5,50.0,1
Automotive,US,2992,3,Fri,99.09,89.95,1
Automotive,US,2992,3,Fri,95.0,95.0,0
Automotive,US,146,5,Mon,95.0,95.0,0
Electronics,US,156,7,Fri,187.5,50.0,1
Photography,US,14,5,Sat,971.0,9.99,1
Electronics,EUR,7,3,Sat,222.58,67.63,1
Automotive,US,2992,3,Fri,99.95,99.95,0
Automotive,US,2992,3,Fri,99.95,99.95,0
Pottery/Glass,US,993,7,Sat,99.99,99.99,0
Pottery/Glass,US,993,7,Sat,99.99,99.99,0
Pottery/Glass,US,993,7,Sat,99.99,99.99,0
Pottery/Glass,US,993,7,Sat,99.99,99.99,0
Pottery/Glass,US,993,7,Sat,99.99,99.99,0
Automotive,US,1131,10,Sun,100.0,100.0,0
Toys/Hobbies,US,301,7,Sat,117.5,93.63,1
Automotive,US,1364,5,Sun,108.0,108.0,0
Toys/Hobbies,US,534,7,Sun,154.23,79.99,1
Antique/Art/Craft,GBP,378,7,Thu,237.37,169.55,1
Automotive,US,146,5,Sun,115.0,115.0,0
Automotive,US,1364,7,Tue,117.0,117.0,0
Clothing/Accessories,EUR,668,7,Fri,313.59,67.64,0
Automotive,US,2992,3,Fri,121.5,119.0,1
Toys/Hobbies,US,251,1,Fri,145.0,99.99,1
Automotive,US,2992,3,Fri,122.5,119.0,1
Photography,US,33,7,Fri,167.5,90.0,1
Automotive,US,1364,7,Tue,128.0,128.0,0
Automotive,US,1364,7,Tue,128.0,128.0,0
Business/Industrial,US,48,3,Fri,177.5,100.0,1
Automotive,US,1364,7,Mon,135.0,132.0,1
Automotive,US,1364,7,Tue,134.0,134.0,0
Coins/Stamps,US,5564,5,Sat,135.0,135.0,0
Collectibles,US,325,10,Sun,389.0,50.0,1
Electronics,EUR,13,10,Wed,250.87,122.98,1
Electronics,EUR,13,7,Sun,278.29,122.97,1
Pottery/Glass,US,993,7,Sat,159.99,159.99,0
Automotive,US,2992,3,Fri,169.0,169.0,0
Coins/Stamps,US,5564,3,Sat,175.0,175.0,0
Computer,US,67,7,Sun,227.5,150.0,1
SportingGoods,US,71,7,Sat,730.0,50.0,1
Coins/Stamps,US,5564,5,Sun,192.0,192.0,0
Collectibles,US,993,7,Mon,199.99,199.99,0
Electronics,US,2358,5,Mon,202.5,199.99,1
Books,US,155,7,Mon,421.0,99.99,1
Automotive,US,2992,5,Sun,229.5,199.0,1
Collectibles,US,862,5,Sat,219.0,219.0,0
Automotive,US,374,7,Mon,545.0,100.0,1
Automotive,US,0,10,Sun,590.0,99.0,1
Automotive,EUR,4,10,Sun,780.89,122.97,1
SportingGoods,US,1,7,Fri,417.99,200.0,1
Automotive,US,97,3,Fri,290.0,290.0,0
Automotive,US,142,7,Sat,521.55,200.0,1
Automotive,US,2992,5,Sun,359.95,359.95,0
Automotive,US,21,5,Sat,610.0,300.0,1
Automotive,US,1400,5,Mon,549.0,549.0,0
Automotive,US,57,7,Fri,820.0,650.0,1
Automotive,US,145,7,Sat,999.0,999.0,0
